date,daily_pnl,cum_pnl,in_trade,implied_corr,corr_pctl
2021-06-18,0.0,0.0,False,0.45296314572113977,14.285714285714285
2021-06-21,0.0,0.0,False,0.3450745176866195,4.651162790697675
2021-06-22,0.0,0.0,False,0.3556123587581841,9.090909090909092
2021-06-23,0.0,0.0,False,0.2966763480791796,2.2222222222222223
2021-06-24,0.0,0.0,False,0.35622736487062695,13.043478260869565
2021-06-25,0.0,0.0,False,0.33676729936190075,6.382978723404255
2021-06-28,0.0,0.0,False,0.3812661821631376,18.75
2021-06-29,0.0,0.0,False,0.44710960393661414,24.489795918367346
2021-06-30,0.0,0.0,False,0.45147429855218957,26.0
2021-07-01,0.0,0.0,False,0.5398970912211856,39.21568627450981
2021-07-02,0.0,0.0,False,0.4766880709796463,28.846153846153843
2021-07-06,0.0,0.0,False,0.4473732774725265,24.528301886792452
2021-07-07,0.0,0.0,False,0.5237750322636787,38.88888888888889
2021-07-08,0.0,0.0,False,0.5578053468129499,47.27272727272727
2021-07-09,0.0,0.0,False,0.5785996971316385,53.57142857142857
2021-07-12,0.0,0.0,False,0.5464262463560479,43.859649122807014
2021-07-13,0.0,0.0,False,0.533596516528977,39.6551724137931
2021-07-14,0.0,0.0,False,0.485245766189007,28.8135593220339
2021-07-15,0.0,0.0,False,0.39965063892273445,16.666666666666664
2021-07-16,0.0,0.0,False,0.3818937571501101,16.39344262295082
2021-07-19,0.0,0.0,False,0.4024877107918103,19.35483870967742
2021-07-20,0.0,0.0,False,0.3244572139525854,4.761904761904762
2021-07-21,0.0,0.0,False,0.4274587975907007,23.4375
2021-07-22,0.0,0.0,False,0.44237141989841217,26.153846153846157
2021-07-23,0.0,0.0,False,0.44955555129375757,30.303030303030305
2021-07-26,0.0,0.0,False,0.39099088790824726,17.91044776119403
2021-07-27,0.0,0.0,False,0.4572446242652383,35.294117647058826
2021-07-28,0.0,0.0,False,0.5567053919415861,55.072463768115945
2021-07-29,0.0,0.0,False,0.614300145205128,65.71428571428571
2021-07-30,0.0,0.0,False,0.6156489152811487,66.19718309859155
2021-08-02,0.0,0.0,False,0.5937815003004244,63.888888888888886
2021-08-03,0.0,0.0,False,0.6068534742505578,64.38356164383562
2021-08-04,0.0,0.0,False,0.6190991712728959,68.91891891891892
2021-08-05,0.0,0.0,False,0.5679476279329889,53.333333333333336
2021-08-06,0.0,0.0,False,0.524557387341932,42.10526315789473
2021-08-09,0.0,0.0,False,0.5449575468397012,48.05194805194805
2021-08-10,0.0,0.0,False,0.6024340515128003,64.1025641025641
2021-08-11,0.0,0.0,False,0.6186530537082504,69.62025316455697
2021-08-12,0.0,0.0,False,0.6839096998187932,73.75
2021-08-13,-1864.1335792035838,-1864.1335792035838,True,0.9231075305718724,85.18518518518519
2021-08-16,-32.46406811669294,-1896.5976473202768,True,1.0,94.51219512195121
2021-08-17,-873.0118103745783,-2769.6094576948553,True,1.0,93.97590361445783
2021-08-18,-251.47385445730757,-3021.0833121521628,True,0.9284356255622656,83.33333333333334
2021-08-19,-371.8376998911956,-3392.921012043358,True,0.7015831761092094,70.58823529411765
2021-08-20,-2919.9877705059193,-6312.908782549277,False,0.45522559454424044,27.906976744186046
2021-08-23,0.0,-6312.908782549277,False,0.5043306324111009,34.48275862068966
2021-08-24,0.0,-6312.908782549277,False,0.506287455189672,35.22727272727273
2021-08-25,0.0,-6312.908782549277,False,0.30647370370581706,2.247191011235955
2021-08-26,0.0,-6312.908782549277,False,0.22743186918340275,1.1111111111111112
2021-08-27,0.0,-6312.908782549277,False,0.19116923948652814,1.098901098901099
2021-08-30,0.0,-6312.908782549277,False,0.1961602334405866,2.1739130434782608
2021-08-31,0.0,-6312.908782549277,False,0.19558947299341814,2.1505376344086025
2021-09-01,0.0,-6312.908782549277,False,0.1727053720547568,1.0638297872340425
2021-09-02,0.0,-6312.908782549277,False,0.14933272848572496,1.0526315789473684
2021-09-03,0.0,-6312.908782549277,False,0.1324732698212195,1.0416666666666665
2021-09-07,0.0,-6312.908782549277,False,0.13539536395092652,2.0618556701030926
2021-09-08,0.0,-6312.908782549277,False,0.14947657343890836,4.081632653061225
2021-09-09,0.0,-6312.908782549277,False,0.12705054757875767,1.0101010101010102
2021-09-10,0.0,-6312.908782549277,False,0.14171258270103065,4.0
2021-09-13,0.0,-6312.908782549277,False,0.08732989989420832,0.9900990099009901
2021-09-14,0.0,-6312.908782549277,False,0.08416406344812578,0.9803921568627451
2021-09-15,0.0,-6312.908782549277,False,0.06875711270428474,0.9708737864077669
2021-09-16,0.0,-6312.908782549277,False,0.008308529126501357,0.9615384615384616
2021-09-17,0.0,-6312.908782549277,False,0.07618653153231308,2.857142857142857
2021-09-20,0.0,-6312.908782549277,False,0.20819863486772586,15.09433962264151
2021-09-21,0.0,-6312.908782549277,False,0.3509378599963747,23.364485981308412
2021-09-22,0.0,-6312.908782549277,False,0.31421622172451114,18.51851851851852
2021-09-23,0.0,-6312.908782549277,False,0.33448143008380665,21.100917431192663
2021-09-24,0.0,-6312.908782549277,False,0.4429461460367295,36.36363636363637
2021-09-27,0.0,-6312.908782549277,False,0.43359422838040773,34.234234234234236
2021-09-28,-1998.070799704407,-8310.979582253683,True,0.6890549375600434,76.78571428571429
2021-09-29,463.6731105804552,-7847.306471673228,True,0.7452210564329623,79.64601769911505
2021-09-30,-103.46065194422363,-7950.767123617452,True,0.7206825472625797,77.19298245614034
2021-10-01,-12.378643402439025,-7963.145767019891,True,0.7514947168792951,80.8695652173913
2021-10-04,-217.2865805065179,-8180.432347526408,True,0.6859724375977314,74.13793103448276
2021-10-05,-348.0134812007609,-8528.44582872717,True,0.7275392980829288,76.92307692307693
2021-10-06,-55.149343243833414,-8583.595171971003,True,0.7267813022216005,76.27118644067797
2021-10-07,-4.238021249327062,-8587.83319322033,True,0.7277864280121293,77.31092436974791
2021-10-08,116.5096141795907,-8471.323579040738,True,0.7386049747865715,78.33333333333333
2021-10-11,65.5116114906316,-8405.811967550106,True,0.73325178742468,77.68595041322314
2021-10-12,-25.036304079681713,-8430.848271629788,True,0.7044738370307279,72.95081967213115
2021-10-13,72.7045293012377,-8358.14374232855,True,0.7219023237648755,73.98373983739837
2021-10-14,253.36765758154672,-8104.776084747003,True,0.8107251590533191,84.67741935483872
2021-10-15,-220.44370948353048,-8325.219794230534,True,0.7785398521735042,82.39999999999999
2021-10-18,26.64911205832675,-8298.570682172207,True,0.7813632518405681,82.53968253968253
2021-10-19,-61.10947847141358,-8359.68016064362,True,0.8242349710600245,85.8267716535433
2021-10-20,-76.52485950286234,-8436.205020146483,True,0.8082329384199711,83.59375
2021-10-21,-65.87226530186774,-8502.077285448351,True,0.8032118466182453,82.17054263565892
2021-10-22,-46.705673876191554,-8548.782959324542,True,0.7827770186914447,81.53846153846153
2021-10-25,-220.5042666296115,-8769.287225954155,True,0.7816249210845218,80.1526717557252
2021-10-26,-1440.57118475789,-10209.858410712044,True,0.5900249112271546,56.060606060606055
2021-10-27,-2160.023474373092,-12369.881885085137,False,0.37741150242989085,23.308270676691727
2021-10-28,0.0,-12369.881885085137,False,0.3538784499100849,20.8955223880597
2021-10-29,0.0,-12369.881885085137,False,0.31972443239845066,15.555555555555555
2021-11-01,0.0,-12369.881885085137,False,0.3327338303296415,17.647058823529413
2021-11-02,0.0,-12369.881885085137,False,0.30754902521765864,14.5985401459854
2021-11-03,0.0,-12369.881885085137,False,0.33014310986506923,18.115942028985508
2021-11-04,0.0,-12369.881885085137,False,0.2073099453587327,11.510791366906476
2021-11-05,0.0,-12369.881885085137,False,0.18549167023380547,9.285714285714286
2021-11-08,0.0,-12369.881885085137,False,0.14106790389126506,6.382978723404255
2021-11-09,0.0,-12369.881885085137,False,0.10389297029492077,4.225352112676056
2021-11-10,0.0,-12369.881885085137,False,0.27017560021387943,15.384615384615385
2021-11-11,0.0,-12369.881885085137,False,0.2881122265371884,15.972222222222221
2021-11-12,0.0,-12369.881885085137,False,0.21690981680351923,14.482758620689657
2021-11-15,0.0,-12369.881885085137,False,0.2246939238585871,15.068493150684931
2021-11-16,0.0,-12369.881885085137,False,0.23304585162710695,16.3265306122449
2021-11-17,0.0,-12369.881885085137,False,0.21019525411173784,14.18918918918919
2021-11-18,0.0,-12369.881885085137,False,0.12390661964284967,4.697986577181208
2021-11-19,0.0,-12369.881885085137,False,0.10142052734575518,4.0
2021-11-22,0.0,-12369.881885085137,False,0.08240696776780516,2.6490066225165565
2021-11-23,0.0,-12369.881885085137,False,0.08523801098761678,3.9473684210526314
2021-11-24,0.0,-12369.881885085137,False,0.14662438288826765,10.457516339869281
2021-11-26,0.0,-12369.881885085137,False,0.2504641921820791,20.12987012987013
2021-11-29,0.0,-12369.881885085137,False,0.3297157840034295,26.451612903225808
2021-11-30,0.0,-12369.881885085137,False,0.3982415556856601,36.53846153846153
2021-12-01,0.0,-12369.881885085137,False,0.3316873183352803,27.388535031847134
2021-12-02,0.0,-12369.881885085137,False,0.33208336430480995,27.848101265822784
2021-12-03,0.0,-12369.881885085137,False,0.2889114298646007,21.38364779874214
2021-12-06,0.0,-12369.881885085137,False,0.34148128914910597,30.625000000000004
2021-12-07,0.0,-12369.881885085137,False,0.4365121574026102,41.61490683229814
2021-12-08,0.0,-12369.881885085137,False,0.4407629893569839,42.592592592592595
2021-12-09,0.0,-12369.881885085137,False,0.47459377217112725,48.466257668711656
2021-12-10,0.0,-12369.881885085137,False,0.2532441616006173,19.51219512195122
2021-12-13,0.0,-12369.881885085137,False,0.2304996885778372,18.181818181818183
2021-12-14,0.0,-12369.881885085137,False,0.21937334906877137,16.867469879518072
2021-12-15,0.0,-12369.881885085137,False,0.2590767971119657,20.958083832335326
2021-12-16,0.0,-12369.881885085137,False,0.32020374071973334,26.190476190476193
2021-12-17,0.0,-12369.881885085137,False,0.3217856997632842,27.218934911242602
2021-12-20,0.0,-12369.881885085137,False,0.383975369340302,38.82352941176471
2021-12-21,0.0,-12369.881885085137,False,0.4868458385867974,52.046783625730995
2021-12-22,0.0,-12369.881885085137,False,0.4846797389894635,51.162790697674424
2021-12-23,0.0,-12369.881885085137,False,0.5019127320728909,53.75722543352601
2021-12-27,0.0,-12369.881885085137,False,0.5292789395896725,58.04597701149425
2021-12-28,0.0,-12369.881885085137,False,0.5089680157036992,54.85714285714286
2021-12-29,0.0,-12369.881885085137,False,0.4478842146815816,46.02272727272727
2021-12-30,0.0,-12369.881885085137,False,0.4338887594695025,41.80790960451977
2021-12-31,0.0,-12369.881885085137,False,0.47893016872058813,50.56179775280899
2022-01-03,0.0,-12369.881885085137,False,0.4022172017436665,39.10614525139665
2022-01-04,0.0,-12369.881885085137,False,0.40020018559140297,38.88888888888889
2022-01-05,0.0,-12369.881885085137,False,0.3707769755557083,34.806629834254146
2022-01-06,0.0,-12369.881885085137,False,0.3020034691928418,21.978021978021978
2022-01-07,0.0,-12369.881885085137,False,0.32299609927902917,26.229508196721312
2022-01-10,0.0,-12369.881885085137,False,0.30356719293202583,22.282608695652172
2022-01-11,0.0,-12369.881885085137,False,0.4458402514242864,46.48648648648649
2022-01-12,0.0,-12369.881885085137,False,0.48029063619782736,52.68817204301075
2022-01-13,0.0,-12369.881885085137,False,0.38663170345491205,37.967914438502675
2022-01-14,0.0,-12369.881885085137,False,0.42428422017221573,42.02127659574468
2022-01-18,0.0,-12369.881885085137,False,0.4592940289290032,51.32275132275132
2022-01-19,0.0,-12369.881885085137,False,0.5250770211334069,60.526315789473685
2022-01-20,0.0,-12369.881885085137,False,0.583247965170166,69.10994764397905
2022-01-21,0.0,-12369.881885085137,False,0.4686326504722543,51.041666666666664
2022-01-24,0.0,-12369.881885085137,False,0.4962897455811681,55.95854922279793
2022-01-25,0.0,-12369.881885085137,False,0.591134377419315,70.61855670103093
2022-01-26,0.0,-12369.881885085137,False,0.5001770256004606,55.8974358974359
2022-01-27,0.0,-12369.881885085137,False,0.5487975714550393,64.28571428571429
2022-01-28,0.0,-12369.881885085137,False,0.5097165230469539,57.868020304568525
2022-01-31,0.0,-12369.881885085137,False,0.5773033732113758,67.67676767676768
2022-02-01,0.0,-12369.881885085137,False,0.5747556764703454,67.33668341708542
2022-02-02,-4091.5754639455595,-16461.457349030698,True,0.6618230044260021,76.5
2022-02-03,597.8938504683376,-15863.56349856236,True,0.7455544167661299,84.07960199004975
2022-02-04,-188.28286512015393,-16051.846363682514,True,0.7976974286769104,88.11881188118812
2022-02-07,-136.99243538452401,-16188.838799067038,True,0.7875059073851537,87.68472906403942
2022-02-08,115.1695926247155,-16073.669206442322,True,0.8231556574925709,90.68627450980392
2022-02-09,134.4648414135386,-15939.204365028783,True,0.8351648553440739,91.21951219512195
2022-02-10,207.89773722618668,-15731.306627802596,True,0.8435474492005327,91.2621359223301
2022-02-11,838.9231538575959,-14892.383473945,True,0.890449827887984,92.27053140096618
2022-02-14,-236.53058512758685,-15128.914059072586,True,1.0,97.35576923076923
2022-02-15,-63.266566458052694,-15192.180625530638,True,0.9995417870980745,94.25837320574163
2022-02-16,-172.034920682343,-15364.215546212981,True,0.9854008032527594,93.80952380952381
2022-02-17,-299.3749964542635,-15663.590542667245,True,0.9304358992856415,91.9431279620853
2022-02-18,-208.72182410562186,-15872.312366772867,True,0.9125444116073349,90.56603773584906
2022-02-22,-239.10670840482567,-16111.419075177693,True,0.951809535806291,92.01877934272301
2022-02-23,-210.07991836238102,-16321.498993540074,True,0.9233407601228603,90.65420560747664
2022-02-24,-264.6515706948349,-16586.150564234908,True,0.8606409639195887,88.37209302325581
2022-02-25,-58.953750274672984,-16645.10431450958,True,0.903874565548917,89.35185185185185
2022-02-28,-563.7140292080654,-17208.818343717645,True,0.8545222610287162,87.09677419354838
2022-03-01,245.3712714615407,-16963.447072256105,True,0.9064679550397468,89.44954128440367
2022-03-02,359.4790180959059,-16603.9680541602,True,0.9525561029359605,92.69406392694064
2022-03-03,183.26490242295984,-16420.703151737238,True,0.9828656530029476,93.63636363636364
2022-03-04,-4516.17706479291,-20936.880216530146,False,0.9099140398688738,88.68778280542986
2022-03-07,-4426.208986734981,-25363.089203265128,True,0.8418985702146857,84.68468468468468
2022-03-08,195.6900617749793,-25167.39914149015,True,0.8800305961057578,86.99551569506725
2022-03-09,-546.2753433267446,-25713.674484816896,True,0.841774960092624,83.92857142857143
2022-03-10,325.0840998745124,-25388.590384942385,True,0.8426360342391517,84.44444444444444
2022-03-11,62.595868369065784,-25325.99451657332,True,0.8235984427905713,82.30088495575221
2022-03-14,369.8921303814881,-24956.10238619183,True,0.8367212471724155,83.25991189427313
2022-03-15,-207.82943780999722,-25163.931824001826,True,0.7531570060176604,75.43859649122807
2022-03-16,1000.16298810664,-24163.768835895185,True,0.8319617709847883,82.53275109170306
2022-03-17,57.53562808857191,-24106.233207806614,True,0.8314502593071225,82.17391304347827
2022-03-18,-128.82409630620214,-24235.057304112815,True,0.7959889309532308,77.92207792207793
2022-03-21,44.679661963397166,-24190.37764214942,True,0.8218495074728691,80.60344827586206
2022-03-22,-7.1549256346741,-24197.532567784092,True,0.8337748494006224,82.83261802575107
2022-03-23,234.0072723249898,-23963.5252954591,True,0.850339555032804,85.47008547008546
2022-03-24,-161.837845123973,-24125.363140583075,True,0.8412093306466848,83.40425531914893
2022-03-25,-4.5037684622391225,-24129.866909045315,True,0.8404088467491588,83.05084745762711
2022-03-28,59.3914724020774,-24070.47543664324,True,0.8331452026392588,81.43459915611815
2022-03-29,64.98711923599251,-24005.488317407246,True,0.8758204218659741,87.39495798319328
2022-03-30,342.44989947992406,-23663.03841792732,True,0.876987515506457,87.44769874476988
2022-03-31,188.61614283210122,-23474.422275095218,True,0.8500334058040897,84.58333333333333
2022-04-01,172.79268345879518,-23301.62959163642,True,0.83551004084077,81.32780082987551
2022-04-04,-3.414127122356149,-23305.043718758778,True,0.8494002541070227,84.29752066115702
2022-04-05,-3449.523557713833,-26754.56727647261,False,0.9677090053574846,93.00411522633745
2022-04-06,-4303.450096440167,-31058.01737291278,True,0.8809457587328634,87.70491803278688
2022-04-07,18.31880191288269,-31039.698570999895,True,0.9302014427756755,91.02040816326532
2022-04-08,-134.3152245159921,-31174.013795515886,True,0.8737833004613802,85.77235772357723
2022-04-11,-30.368214564154187,-31204.38201008004,True,0.8479260559134684,82.5910931174089
2022-04-12,27.781454221094236,-31176.600555858946,True,0.8111743798051066,75.0
2022-04-13,-570.7327574022751,-31747.33331326122,True,0.8129583506113361,75.1004016064257
2022-04-14,-273.9339348517268,-32021.26724811295,True,0.6502132904331357,60.8
2022-04-18,90.97404488628911,-31930.293203226658,True,0.6589238719433583,61.354581673306775
2022-04-19,360.96727368057566,-31569.32592954608,True,0.7526990762257975,69.04761904761905
2022-04-20,-60.69968463359169,-31630.025614179674,True,0.7531985408628582,69.44444444444444
2022-04-21,280.05330040314266,-31349.972313776532,True,0.7480524128661896,67.85714285714286
2022-04-22,262.65427024659766,-31087.318043529936,True,0.7451727779693224,66.26984126984127
2022-04-25,397.1020398596695,-30690.216003670266,True,0.8696595008410902,85.31746031746032
2022-04-26,-496.1625520334769,-31186.378555703744,True,0.8449328555360244,82.14285714285714
2022-04-27,-396.353719070888,-31582.732274774633,True,0.8420468694771314,80.95238095238095
2022-04-28,473.6280147572743,-31109.10426001736,True,0.8721276252826992,85.71428571428571
2022-04-29,281.3664420565543,-30827.737817960806,True,0.8700186017974434,84.92063492063492
2022-05-02,-242.46630914068413,-31070.20412710149,True,0.8128162237896097,73.01587301587301
2022-05-03,157.07955229844902,-30913.12457480304,True,0.8115637160963267,72.61904761904762
2022-05-04,41.84439086257595,-30871.280183940464,True,0.8271314737221082,75.39682539682539
2022-05-05,24.352509011174675,-30846.927674929288,True,0.7703404876811643,66.26984126984127
2022-05-06,-4211.03980975017,-35057.96748467946,False,0.7985087027387421,69.84126984126983
2022-05-09,0.0,-35057.96748467946,False,0.7848981996872878,68.25396825396825
2022-05-10,0.0,-35057.96748467946,False,0.7746680624275997,65.87301587301587
2022-05-11,0.0,-35057.96748467946,False,0.7891023110061325,69.44444444444444
2022-05-12,0.0,-35057.96748467946,False,0.7920201384534374,69.84126984126983
2022-05-13,0.0,-35057.96748467946,False,0.815862555467469,75.0
2022-05-16,-4897.808279216731,-39955.77576389619,True,0.8281795167628168,77.38095238095238
2022-05-17,373.8369791399854,-39581.93878475621,True,0.859592129259438,85.71428571428571
2022-05-18,-450.2464467129581,-40032.18523146917,True,0.8293279542166534,77.77777777777779
2022-05-19,-594.4276067535601,-40626.61283822273,True,0.7981308850765234,71.03174603174604
2022-05-20,-1.7741147614588044,-40628.38695298419,True,0.7944121180597395,70.23809523809523
2022-05-23,-221.81456615106003,-40850.20151913525,True,0.768458550089777,65.47619047619048
2022-05-24,39.10757474994773,-40811.0939443853,True,0.7615813147379676,65.47619047619048
2022-05-25,-31.497825309562813,-40842.59176969486,True,0.7253484036887744,59.523809523809526
2022-05-26,279.16927788383884,-40563.42249181102,True,0.742886543738435,62.301587301587304
2022-05-27,-442.2292742069849,-41005.651766018,True,0.6911444523362341,57.936507936507944
2022-05-31,19.69560230013758,-40985.95616371786,True,0.6461625406571301,55.55555555555556
2022-06-01,289.92483059244887,-40696.031333125415,True,0.6758361970054044,57.14285714285714
2022-06-02,532.4697036910792,-40163.561629434334,True,0.6806702341399126,57.53968253968254
2022-06-03,110.41464923163392,-40053.1469802027,True,0.6825613488249798,57.936507936507944
2022-06-06,102.09747003819348,-39951.04951016451,True,0.6638166995485169,57.14285714285714
2022-06-07,1.3123358753682624,-39949.73717428914,True,0.6471988159308215,55.952380952380956
2022-06-08,473.1888347225067,-39476.54833956664,True,0.6904971743294327,59.92063492063492
2022-06-09,107.30098960285784,-39369.24734996378,True,0.7131061598236924,61.111111111111114
2022-06-10,388.0350995695354,-38981.212250394245,True,0.7229950950594579,61.904761904761905
2022-06-13,771.1090748167559,-38210.10317557749,True,0.7972688955249928,73.4126984126984
2022-06-14,-84.26562558757155,-38294.36880116506,True,0.776691001226573,69.04761904761905
2022-06-15,-4658.67544738629,-42953.04424855135,False,0.7481109021579838,65.47619047619048
2022-06-16,0.0,-42953.04424855135,False,0.7612668385542384,67.06349206349206
2022-06-17,0.0,-42953.04424855135,False,0.7895443611786949,71.82539682539682
2022-06-21,-4383.834973459568,-47336.87922201092,True,0.8486320347676445,86.90476190476191
2022-06-22,-159.56834506131554,-47496.44756707223,True,0.8473574413789372,86.11111111111111
2022-06-23,24.690928142423218,-47471.75663892981,True,0.8627570691444587,89.28571428571429
2022-06-24,707.0911740965796,-46764.665464833226,True,0.9556541087629373,97.22222222222221
2022-06-27,-24.9220381421228,-46789.58750297535,True,0.9753458750728902,97.61904761904762
2022-06-28,-44.44257727260583,-46834.030080247954,True,0.9372895803959554,95.63492063492063
2022-06-29,29.779465485191622,-46804.250614762765,True,1.0,99.40476190476191
2022-06-30,-297.6601251876716,-47101.910739950436,True,1.0,99.20634920634922
2022-07-01,-741.1733433459652,-47843.0840832964,True,0.9701301246143295,96.42857142857143
2022-07-05,-159.56186672733656,-48002.64595002374,True,0.9268494196225264,92.85714285714286
2022-07-06,-47.55153671487187,-48050.19748673861,True,0.934881677187003,94.04761904761905
2022-07-07,-636.3797581240051,-48686.577244862616,True,0.8932552930103798,89.68253968253968
2022-07-08,42.5861799677366,-48643.99106489488,True,0.9130471537042018,91.26984126984127
2022-07-11,-532.4548353239177,-49176.445900218794,True,0.8601697657445269,84.52380952380952
2022-07-12,75.8913096488925,-49100.554590569904,True,0.853954180968049,83.33333333333334
2022-07-13,-161.3916183445424,-49261.94620891444,True,0.8295235606225487,74.60317460317461
2022-07-14,202.61802037997074,-49059.32818853447,True,0.7866397795204072,64.28571428571429
2022-07-15,246.0975542218339,-48813.23063431263,True,0.8095876068016336,69.04761904761905
2022-07-18,-191.75135557933447,-49004.98198989197,True,0.8253391839593519,73.01587301587301
2022-07-19,807.0306018746128,-48197.951388017354,True,0.7318630057425887,53.96825396825397
2022-07-20,332.2202845985066,-47865.731103418846,True,0.7291535845705556,53.57142857142857
2022-07-21,-3418.670129034619,-51284.40123245346,False,0.734955295962358,54.36507936507936
2022-07-22,0.0,-51284.40123245346,False,0.7517738047293383,57.53968253968254
2022-07-25,0.0,-51284.40123245346,False,0.7504098244757337,56.74603174603175
2022-07-26,0.0,-51284.40123245346,False,0.6866353115023144,46.82539682539682
2022-07-27,0.0,-51284.40123245346,False,0.6945121551057847,48.01587301587302
2022-07-28,0.0,-51284.40123245346,False,0.6970907020063003,48.01587301587302
2022-07-29,0.0,-51284.40123245346,False,0.6822669611114696,44.44444444444444
2022-08-01,0.0,-51284.40123245346,False,0.6724492652732802,43.25396825396825
2022-08-02,0.0,-51284.40123245346,False,0.6127940485714827,39.682539682539684
2022-08-03,0.0,-51284.40123245346,False,0.635417689624277,40.476190476190474
2022-08-04,0.0,-51284.40123245346,False,0.6330918837360735,40.07936507936508
2022-08-05,0.0,-51284.40123245346,False,0.6670840799473368,42.857142857142854
2022-08-08,0.0,-51284.40123245346,False,0.5706300345548605,36.11111111111111
2022-08-09,0.0,-51284.40123245346,False,0.8271604092357048,73.4126984126984
2022-08-10,0.0,-51284.40123245346,False,0.8080689141531191,67.46031746031747
2022-08-11,0.0,-51284.40123245346,False,0.8167695873610133,70.63492063492063
2022-08-12,0.0,-51284.40123245346,False,0.8240151062836074,71.82539682539682
2022-08-15,0.0,-51284.40123245346,False,0.812976085127965,69.84126984126983
2022-08-16,-3450.7689275077764,-54735.17015996124,True,0.8304588371064698,75.39682539682539
2022-08-17,55.856646112491035,-54679.31351384875,True,0.781619963091671,60.71428571428571
2022-08-18,-679.1600259689305,-55358.47353981768,True,0.7269058789984513,50.0
2022-08-19,187.5539847434676,-55170.91955507421,True,0.7168681269024084,47.61904761904761
2022-08-22,170.97987011992453,-54999.93968495428,True,0.7312629909645109,51.19047619047619
2022-08-23,105.4984970112082,-54894.44118794308,True,0.7322420619232082,51.587301587301596
2022-08-24,91.3288617669964,-54803.11232617608,True,0.744427512103492,53.17460317460318
2022-08-25,146.36609707635807,-54656.74622909972,True,0.7477081659071393,54.36507936507936
2022-08-26,160.50213233468185,-54496.24409676504,True,0.7402701682275242,51.98412698412699
2022-08-29,-3876.103502188508,-58372.34759895355,False,0.7269643104486551,48.01587301587302
2022-08-30,0.0,-58372.34759895355,False,0.749295845344827,55.158730158730165
2022-08-31,0.0,-58372.34759895355,False,0.7423689465477031,51.587301587301596
2022-09-01,0.0,-58372.34759895355,False,0.6280531323290748,34.92063492063492
2022-09-02,0.0,-58372.34759895355,False,0.631302175262244,34.92063492063492
2022-09-06,0.0,-58372.34759895355,False,0.6458887318445385,35.714285714285715
2022-09-07,0.0,-58372.34759895355,False,0.7225197362224455,45.23809523809524
2022-09-08,0.0,-58372.34759895355,False,0.6391701043774454,34.92063492063492
2022-09-09,0.0,-58372.34759895355,False,0.6687619014430286,38.095238095238095
2022-09-12,0.0,-58372.34759895355,False,0.6610660388545884,36.507936507936506
2022-09-13,0.0,-58372.34759895355,False,0.6892383303887054,41.269841269841265
2022-09-14,0.0,-58372.34759895355,False,0.7162961222806428,43.65079365079365
2022-09-15,0.0,-58372.34759895355,False,0.7228058791475573,45.23809523809524
2022-09-16,0.0,-58372.34759895355,False,0.7026351512009776,42.06349206349206
2022-09-19,0.0,-58372.34759895355,False,0.7398854464137006,50.79365079365079
2022-09-20,0.0,-58372.34759895355,False,0.7360039059520933,50.0
2022-09-21,0.0,-58372.34759895355,False,0.6989545740184252,40.87301587301587
2022-09-22,0.0,-58372.34759895355,False,0.7074199682896443,41.66666666666667
2022-09-23,0.0,-58372.34759895355,False,0.6905622531522837,38.88888888888889
2022-09-26,0.0,-58372.34759895355,False,0.6490945212266853,31.746031746031743
2022-09-27,0.0,-58372.34759895355,False,0.6151141721309108,28.174603174603174
2022-09-28,0.0,-58372.34759895355,False,0.6341309582965968,29.761904761904763
2022-09-29,0.0,-58372.34759895355,False,0.6142665865189242,28.174603174603174
2022-09-30,0.0,-58372.34759895355,False,0.6431780598163859,31.349206349206348
2022-10-03,-3251.38693636834,-61623.73453532189,True,0.9277548496947825,93.65079365079364
2022-10-04,-1134.2812445142843,-62758.015779836176,True,0.8282400821001443,74.60317460317461
2022-10-05,-130.00029648893633,-62888.01607632511,True,0.8012688178753473,65.87301587301587
2022-10-06,135.75216282338215,-62752.26391350173,True,0.785451003167955,61.111111111111114
2022-10-07,12.661386114842117,-62739.60252738689,True,0.811213805373545,68.25396825396825
2022-10-10,-507.41430543299714,-63247.016832819885,True,0.757731039195645,55.55555555555556
2022-10-11,-698.80677314569,-63945.823605965576,True,0.7490567790538432,52.77777777777778
2022-10-12,-3705.4512527739535,-67651.27485873953,False,0.7316832669091141,46.82539682539682
2022-10-13,0.0,-67651.27485873953,False,0.7351547054398218,48.01587301587302
2022-10-14,0.0,-67651.27485873953,False,0.747474373452932,51.587301587301596
2022-10-17,0.0,-67651.27485873953,False,0.7217750001682341,43.25396825396825
2022-10-18,0.0,-67651.27485873953,False,0.7173502639138557,43.25396825396825
2022-10-19,0.0,-67651.27485873953,False,0.732652765520355,48.41269841269841
2022-10-20,0.0,-67651.27485873953,False,0.7445760729485893,51.98412698412699
2022-10-21,0.0,-67651.27485873953,False,0.7907653820289857,63.888888888888886
2022-10-24,0.0,-67651.27485873953,False,0.7597690585968679,57.936507936507944
2022-10-25,0.0,-67651.27485873953,False,0.7390396646521803,50.0
2022-10-26,0.0,-67651.27485873953,False,0.7279870041841389,46.03174603174603
2022-10-27,0.0,-67651.27485873953,False,0.719932898088209,42.857142857142854
2022-10-28,0.0,-67651.27485873953,False,0.7649295720427968,59.12698412698413
2022-10-31,0.0,-67651.27485873953,False,0.7667836269392967,59.12698412698413
2022-11-01,0.0,-67651.27485873953,False,0.7058548358906261,39.682539682539684
2022-11-02,0.0,-67651.27485873953,False,0.7710479250133837,59.92063492063492
2022-11-03,0.0,-67651.27485873953,False,0.7709427067891448,59.523809523809526
2022-11-04,0.0,-67651.27485873953,False,0.804047893556382,67.06349206349206
2022-11-07,0.0,-67651.27485873953,False,0.8019538159304755,66.66666666666666
2022-11-08,0.0,-67651.27485873953,False,0.8173769895398398,71.03174603174604
2022-11-09,0.0,-67651.27485873953,False,0.780292965965621,59.523809523809526
2022-11-10,-4685.051294243345,-72336.32615298287,True,0.8407637631395647,78.96825396825396
2022-11-11,-49.13133148817445,-72385.45748447104,True,0.841398594075437,79.36507936507937
2022-11-14,30.466473095500987,-72354.99101137555,True,0.8251138512143747,71.82539682539682
2022-11-15,-2390.3159799871764,-74745.30699136273,True,0.6835701319296635,32.142857142857146
2022-11-16,692.8558297376264,-74052.4511616251,True,0.7539407817935216,53.17460317460318
2022-11-17,-4889.870677924057,-78942.32183954916,False,0.7415063527914818,46.03174603174603
2022-11-18,0.0,-78942.32183954916,False,0.7440694305912874,46.82539682539682
2022-11-21,0.0,-78942.32183954916,False,0.7441636511023266,46.82539682539682
2022-11-22,0.0,-78942.32183954916,False,0.7916106741231548,61.50793650793651
2022-11-23,0.0,-78942.32183954916,False,0.8044621976770354,65.47619047619048
2022-11-25,0.0,-78942.32183954916,False,0.8168852080416187,69.44444444444444
2022-11-28,0.0,-78942.32183954916,False,0.8037480889668919,64.28571428571429
2022-11-29,0.0,-78942.32183954916,False,0.7879074784240672,58.730158730158735
2022-11-30,0.0,-78942.32183954916,False,0.7725982085813968,55.158730158730165
2022-12-01,0.0,-78942.32183954916,False,0.7814232373335694,56.34920634920635
2022-12-02,0.0,-78942.32183954916,False,0.7452193187145342,45.23809523809524
2022-12-05,0.0,-78942.32183954916,False,0.7490175886181931,47.22222222222222
2022-12-06,0.0,-78942.32183954916,False,0.7243367238753862,34.92063492063492
2022-12-07,0.0,-78942.32183954916,False,0.7081105713633788,30.952380952380953
2022-12-08,0.0,-78942.32183954916,False,0.679197533658724,24.6031746031746
2022-12-09,0.0,-78942.32183954916,False,0.6924036441764111,28.174603174603174
2022-12-12,0.0,-78942.32183954916,False,0.49992296878994497,9.920634920634921
2022-12-13,0.0,-78942.32183954916,False,0.45774806323943074,6.746031746031746
2022-12-14,0.0,-78942.32183954916,False,0.479372286264765,7.936507936507936
2022-12-15,0.0,-78942.32183954916,False,0.739413234207053,40.476190476190474
2022-12-16,0.0,-78942.32183954916,False,0.6539106687071522,20.238095238095237
2022-12-19,0.0,-78942.32183954916,False,0.6849211752199421,25.396825396825395
2022-12-20,0.0,-78942.32183954916,False,0.6897661133598897,26.190476190476193
2022-12-21,0.0,-78942.32183954916,False,0.6917238062542042,27.380952380952383
2022-12-22,0.0,-78942.32183954916,False,0.7353567094413527,39.285714285714285
2022-12-23,0.0,-78942.32183954916,False,0.7444872062939972,43.65079365079365
2022-12-27,0.0,-78942.32183954916,False,0.650629799802639,17.857142857142858
2022-12-28,0.0,-78942.32183954916,False,0.6364228634752461,14.682539682539684
2022-12-29,0.0,-78942.32183954916,False,0.6538466916378344,17.857142857142858
2022-12-30,0.0,-78942.32183954916,False,0.5607441300439416,8.73015873015873
2023-01-03,0.0,-78942.32183954916,False,0.5625205198108463,8.73015873015873
2023-01-04,0.0,-78942.32183954916,False,0.6045198561444639,10.714285714285714
2023-01-05,0.0,-78942.32183954916,False,0.6236752179383833,11.904761904761903
2023-01-06,0.0,-78942.32183954916,False,0.6741776850408798,21.03174603174603
2023-01-09,0.0,-78942.32183954916,False,0.6281800700397502,11.904761904761903
2023-01-10,0.0,-78942.32183954916,False,0.6819996234944455,22.22222222222222
2023-01-11,0.0,-78942.32183954916,False,0.7054307788450556,28.57142857142857
2023-01-12,0.0,-78942.32183954916,False,0.5816575373903263,7.5396825396825395
2023-01-13,0.0,-78942.32183954916,False,0.5793763642366951,7.142857142857142
2023-01-17,0.0,-78942.32183954916,False,0.49817859597729247,2.7777777777777777
2023-01-18,0.0,-78942.32183954916,False,0.39002274418000965,0.3968253968253968
2023-01-19,0.0,-78942.32183954916,False,0.44411720529035403,0.7936507936507936
2023-01-20,0.0,-78942.32183954916,False,0.44297915162040075,0.7936507936507936
2023-01-23,0.0,-78942.32183954916,False,0.4984036435450767,3.571428571428571
2023-01-24,0.0,-78942.32183954916,False,0.5092944676009302,4.365079365079365
2023-01-25,0.0,-78942.32183954916,False,0.38650598326939734,0.3968253968253968
2023-01-26,0.0,-78942.32183954916,False,0.39231265835493134,1.1904761904761905
2023-01-27,0.0,-78942.32183954916,False,0.4970524278351023,3.1746031746031744
2023-01-30,0.0,-78942.32183954916,False,0.4676747177548907,2.7777777777777777
2023-01-31,0.0,-78942.32183954916,False,0.4445106107881385,2.380952380952381
2023-02-01,0.0,-78942.32183954916,False,0.5428696216737564,5.952380952380952
2023-02-02,0.0,-78942.32183954916,False,0.5611393370820169,6.746031746031746
2023-02-03,0.0,-78942.32183954916,False,0.555917111596303,6.349206349206349
2023-02-06,0.0,-78942.32183954916,False,0.5633411412068987,7.936507936507936
2023-02-07,0.0,-78942.32183954916,False,0.5789034559533569,8.73015873015873
2023-02-08,0.0,-78942.32183954916,False,0.6792274930376362,22.22222222222222
2023-02-09,0.0,-78942.32183954916,False,0.660048035097638,19.047619047619047
2023-02-10,0.0,-78942.32183954916,False,0.5993559016341115,9.920634920634921
2023-02-13,0.0,-78942.32183954916,False,0.7144396125624027,32.53968253968254
2023-02-14,0.0,-78942.32183954916,False,0.7112292559842521,32.142857142857146
2023-02-15,0.0,-78942.32183954916,False,0.6167149939988874,11.904761904761903
2023-02-16,0.0,-78942.32183954916,False,0.681711610766242,24.206349206349206
2023-02-17,0.0,-78942.32183954916,False,0.6553761624558463,19.444444444444446
2023-02-21,0.0,-78942.32183954916,False,0.6917912772277898,29.761904761904763
2023-02-22,0.0,-78942.32183954916,False,0.6496724436985637,17.857142857142858
2023-02-23,0.0,-78942.32183954916,False,0.412328850339456,1.5873015873015872
2023-02-24,0.0,-78942.32183954916,False,0.4386542022204047,1.984126984126984
2023-02-27,0.0,-78942.32183954916,False,0.4255923462421632,1.984126984126984
2023-02-28,0.0,-78942.32183954916,False,0.41890260167929416,1.984126984126984
2023-03-01,0.0,-78942.32183954916,False,0.4147298739009288,1.984126984126984
2023-03-02,0.0,-78942.32183954916,False,0.39157754954278234,1.1904761904761905
2023-03-03,0.0,-78942.32183954916,False,0.18035870358438125,0.3968253968253968
2023-03-06,0.0,-78942.32183954916,False,0.14761771620884362,0.3968253968253968
2023-03-07,0.0,-78942.32183954916,False,0.14357641988995318,0.3968253968253968
2023-03-08,0.0,-78942.32183954916,False,0.18393805905346758,1.5873015873015872
2023-03-09,0.0,-78942.32183954916,False,0.1396681752523014,0.3968253968253968
2023-03-10,0.0,-78942.32183954916,False,0.12035746041383669,0.3968253968253968
2023-03-13,0.0,-78942.32183954916,False,0.1309925057173425,0.7936507936507936
2023-03-14,0.0,-78942.32183954916,False,0.212428348788081,3.1746031746031744
2023-03-15,0.0,-78942.32183954916,False,0.19196470032704885,3.1746031746031744
2023-03-16,0.0,-78942.32183954916,False,0.29606779310712095,3.968253968253968
2023-03-17,0.0,-78942.32183954916,False,0.36758985271558564,4.365079365079365
2023-03-20,0.0,-78942.32183954916,False,0.31877589267966394,4.365079365079365
2023-03-21,0.0,-78942.32183954916,False,0.2994524537365629,4.365079365079365
2023-03-22,0.0,-78942.32183954916,False,0.23803492090082487,3.968253968253968
2023-03-23,0.0,-78942.32183954916,False,0.29433904831730123,4.365079365079365
2023-03-24,0.0,-78942.32183954916,False,0.6293608261774624,21.825396825396826
2023-03-27,0.0,-78942.32183954916,False,0.5851663060729939,18.253968253968253
2023-03-28,0.0,-78942.32183954916,False,0.6061446723105729,19.444444444444446
2023-03-29,0.0,-78942.32183954916,False,0.7578764412188914,64.68253968253968
2023-03-30,-2704.527439196205,-81646.84927874536,True,0.8255860874023774,84.12698412698413
2023-03-31,-71.62603290424863,-81718.4753116496,True,0.8356950663516061,87.6984126984127
2023-04-03,1.0196181394354653,-81717.45569351016,True,1.0,99.60317460317461
2023-04-04,70.02873136959693,-81647.42696214055,True,1.0,99.40476190476191
2023-04-05,-2.7501828097150565,-81650.17714495027,True,1.0,99.20634920634922
2023-04-06,-107.45969536391976,-81757.6368403142,True,1.0,99.0079365079365
2023-04-10,34.42174208724191,-81723.21509822695,True,1.0,98.80952380952381
2023-04-11,-149.71175910377042,-81872.92685733072,True,1.0,98.61111111111111
2023-04-12,-172.96976181123026,-82045.89661914195,True,1.0,98.4126984126984
2023-04-13,-54.192211567818504,-82100.08883070976,True,1.0,98.21428571428571
2023-04-14,-139.24194657742862,-82239.33077728719,True,1.0,98.01587301587301
2023-04-17,-253.69901771480545,-82493.029795002,True,1.0,97.81746031746032
2023-04-18,-311.8117807988541,-82804.84157580086,True,1.0,97.61904761904762
2023-04-19,51.01238948982211,-82753.82918631104,True,1.0,97.42063492063492
2023-04-20,-778.3327704188866,-83532.16195672992,True,1.0,97.22222222222221
2023-04-21,-893.4885900274993,-84425.65054675742,True,0.8492635371681817,87.6984126984127
2023-04-24,-1831.558128443798,-86257.20867520121,False,0.7102628350521113,42.857142857142854
2023-04-25,-2059.6142312297943,-88316.822906431,True,0.8336471793868847,84.52380952380952
2023-04-26,-279.2550768612583,-88596.07798329226,True,0.8256552118989784,81.74603174603175
2023-04-27,44.93426724757035,-88551.14371604468,True,0.8157311337830616,78.57142857142857
2023-04-28,322.2512615360989,-88228.89245450858,True,0.5881694224091788,18.650793650793652
2023-05-01,-811.4231021862595,-89040.31555669484,True,0.4231580717893525,9.126984126984127
2023-05-02,-3712.569165956309,-92752.88472265116,False,0.284049614926009,4.365079365079365
2023-05-03,0.0,-92752.88472265116,False,0.28950329732685076,4.761904761904762
2023-05-04,0.0,-92752.88472265116,False,0.25253804182674927,4.365079365079365
2023-05-05,0.0,-92752.88472265116,False,0.22873354938679724,3.968253968253968
2023-05-08,0.0,-92752.88472265116,False,0.23213198138283048,4.365079365079365
2023-05-09,0.0,-92752.88472265116,False,0.20626127291726398,3.571428571428571
2023-05-10,0.0,-92752.88472265116,False,0.2311311543582375,4.761904761904762
2023-05-11,0.0,-92752.88472265116,False,0.21665481778264553,4.365079365079365
2023-05-12,0.0,-92752.88472265116,False,0.19629948969375535,3.571428571428571
2023-05-15,0.0,-92752.88472265116,False,0.32343254517443304,9.523809523809524
2023-05-16,0.0,-92752.88472265116,False,0.3335975925425006,9.920634920634921
2023-05-17,0.0,-92752.88472265116,False,0.3153491655265732,9.126984126984127
2023-05-18,0.0,-92752.88472265116,False,0.38791618315900894,11.507936507936508
2023-05-19,0.0,-92752.88472265116,False,0.4499627689449738,16.666666666666664
2023-05-22,0.0,-92752.88472265116,False,0.5040217373422459,19.841269841269842
2023-05-23,0.0,-92752.88472265116,False,0.5250209190476175,20.634920634920633
2023-05-24,0.0,-92752.88472265116,False,0.44334651093246813,15.873015873015872
2023-05-25,0.0,-92752.88472265116,False,0.10623948444183727,0.3968253968253968
2023-05-26,0.0,-92752.88472265116,False,0.11411423556449515,0.7936507936507936
2023-05-30,0.0,-92752.88472265116,False,0.10224595690299697,0.3968253968253968
2023-05-31,0.0,-92752.88472265116,False,0.1176127305839577,1.5873015873015872
2023-06-01,0.0,-92752.88472265116,False,0.12389289387246537,2.380952380952381
2023-06-02,0.0,-92752.88472265116,False,0.1124224967298394,1.1904761904761905
2023-06-05,0.0,-92752.88472265116,False,0.12546227509386254,3.1746031746031744
2023-06-06,0.0,-92752.88472265116,False,0.11178329101426139,1.1904761904761905
2023-06-07,0.0,-92752.88472265116,False,0.10837106162218209,1.1904761904761905
2023-06-08,0.0,-92752.88472265116,False,0.0932586353161598,0.3968253968253968
2023-06-09,0.0,-92752.88472265116,False,0.09044022650129833,0.3968253968253968
2023-06-12,0.0,-92752.88472265116,False,0.08276004010676592,0.3968253968253968
2023-06-13,0.0,-92752.88472265116,False,0.07517102136660019,0.3968253968253968
2023-06-14,0.0,-92752.88472265116,False,0.05575362628098109,0.3968253968253968
2023-06-15,0.0,-92752.88472265116,False,0.05616052449027921,0.7936507936507936
2023-06-16,0.0,-92752.88472265116,False,0.06100208324921691,1.1904761904761905
2023-06-20,0.0,-92752.88472265116,False,0.0354733854480293,0.3968253968253968
2023-06-21,0.0,-92752.88472265116,False,0.06002488497249309,1.5873015873015872
2023-06-22,0.0,-92752.88472265116,False,0.059183971157095956,1.5873015873015872
2023-06-23,0.0,-92752.88472265116,False,0.05666549472495064,1.5873015873015872
2023-06-26,0.0,-92752.88472265116,False,0.026140153264334092,0.3968253968253968
2023-06-27,0.0,-92752.88472265116,False,0.18672321001210124,11.507936507936508
2023-06-28,0.0,-92752.88472265116,False,0.1416221952024078,9.920634920634921
2023-06-29,0.0,-92752.88472265116,False,0.15678608892871018,11.11111111111111
2023-06-30,0.0,-92752.88472265116,False,0.1593667926845651,11.507936507936508
2023-07-03,0.0,-92752.88472265116,False,0.19703398571914027,13.88888888888889
2023-07-05,0.0,-92752.88472265116,False,0.2637055824361273,17.46031746031746
2023-07-06,0.0,-92752.88472265116,False,0.24988147747332062,17.063492063492063
2023-07-07,0.0,-92752.88472265116,False,0.2694415769088407,18.253968253968253
2023-07-10,0.0,-92752.88472265116,False,0.29034333088073,19.444444444444446
2023-07-11,0.0,-92752.88472265116,False,0.2847654677815342,19.047619047619047
2023-07-12,0.0,-92752.88472265116,False,0.32542088409358394,22.61904761904762
2023-07-13,0.0,-92752.88472265116,False,0.4097565051318251,25.793650793650798
2023-07-14,0.0,-92752.88472265116,False,0.42885007508932005,28.174603174603174
2023-07-17,0.0,-92752.88472265116,False,0.5764989329028753,37.698412698412696
2023-07-18,0.0,-92752.88472265116,False,0.5487541812227071,35.317460317460316
2023-07-19,0.0,-92752.88472265116,False,0.5817266745393926,39.682539682539684
2023-07-20,0.0,-92752.88472265116,False,0.6741500116744636,52.77777777777778
2023-07-21,0.0,-92752.88472265116,False,0.583294379714778,40.07936507936508
2023-07-24,0.0,-92752.88472265116,False,0.5909715485700983,41.269841269841265
2023-07-25,0.0,-92752.88472265116,False,0.5742209892737467,38.095238095238095
2023-07-26,0.0,-92752.88472265116,False,0.6319397214121071,46.82539682539682
2023-07-27,0.0,-92752.88472265116,False,0.6023441335109548,42.46031746031746
2023-07-28,0.0,-92752.88472265116,False,0.6490957699394515,50.79365079365079
2023-07-31,0.0,-92752.88472265116,False,0.6509093458074094,51.98412698412699
2023-08-01,0.0,-92752.88472265116,False,0.627538595432117,45.63492063492063
2023-08-02,0.0,-92752.88472265116,False,0.7390883362602431,72.22222222222221
2023-08-03,0.0,-92752.88472265116,False,0.6928107252094882,60.71428571428571
2023-08-04,0.0,-92752.88472265116,False,0.6743106177235892,55.55555555555556
2023-08-07,0.0,-92752.88472265116,False,0.6755296298805396,55.55555555555556
2023-08-08,0.0,-92752.88472265116,False,0.7421070127831979,73.80952380952381
2023-08-09,0.0,-92752.88472265116,False,0.6469963110758908,49.2063492063492
2023-08-10,0.0,-92752.88472265116,False,0.6512737435120458,51.587301587301596
2023-08-11,0.0,-92752.88472265116,False,0.6598940811870799,53.17460317460318
2023-08-14,0.0,-92752.88472265116,False,0.5861489785621905,40.87301587301587
2023-08-15,0.0,-92752.88472265116,False,0.5669200742298498,37.698412698412696
2023-08-16,0.0,-92752.88472265116,False,0.6068479293921033,44.047619047619044
2023-08-17,0.0,-92752.88472265116,False,0.6014569361436213,42.857142857142854
2023-08-18,0.0,-92752.88472265116,False,0.5693413672507688,38.095238095238095
2023-08-21,0.0,-92752.88472265116,False,0.46809215722046194,31.746031746031743
2023-08-22,0.0,-92752.88472265116,False,0.4637204618500822,31.349206349206348
2023-08-23,0.0,-92752.88472265116,False,0.47731688965869623,32.53968253968254
2023-08-24,0.0,-92752.88472265116,False,0.5555590928444992,36.904761904761905
2023-08-25,0.0,-92752.88472265116,False,0.47527147389053576,32.53968253968254
2023-08-28,0.0,-92752.88472265116,False,0.4411632321669404,28.968253968253972
2023-08-29,0.0,-92752.88472265116,False,0.47685022269735405,33.33333333333333
2023-08-30,0.0,-92752.88472265116,False,0.5047981561739209,36.507936507936506
2023-08-31,0.0,-92752.88472265116,False,0.3888867409933735,24.6031746031746
2023-09-01,0.0,-92752.88472265116,False,0.2884639939793475,19.444444444444446
2023-09-05,0.0,-92752.88472265116,False,0.2860787653946332,19.444444444444446
2023-09-06,0.0,-92752.88472265116,False,0.2595968942554337,17.857142857142858
2023-09-07,0.0,-92752.88472265116,False,0.28205394071924206,19.047619047619047
2023-09-08,0.0,-92752.88472265116,False,0.3156394368657,23.41269841269841
2023-09-11,0.0,-92752.88472265116,False,0.319823992875421,24.206349206349206
2023-09-12,0.0,-92752.88472265116,False,0.2850022376998125,20.238095238095237
2023-09-13,0.0,-92752.88472265116,False,0.2776858786737196,19.047619047619047
2023-09-14,0.0,-92752.88472265116,False,0.25252900680343,17.46031746031746
2023-09-15,0.0,-92752.88472265116,False,0.3046350943092804,24.206349206349206
2023-09-18,0.0,-92752.88472265116,False,0.29907060126435453,23.809523809523807
2023-09-19,0.0,-92752.88472265116,False,0.30642814129580914,25.0
2023-09-20,0.0,-92752.88472265116,False,0.41022744237730296,31.349206349206348
2023-09-21,0.0,-92752.88472265116,False,0.4202527064712978,32.93650793650794
2023-09-22,0.0,-92752.88472265116,False,0.3846965524524186,28.57142857142857
2023-09-25,0.0,-92752.88472265116,False,0.28659476138351564,21.825396825396826
2023-09-26,0.0,-92752.88472265116,False,0.31266085971292557,25.793650793650798
2023-09-27,0.0,-92752.88472265116,False,0.2995346927314053,25.0
2023-09-28,0.0,-92752.88472265116,False,0.2983008027892268,24.206349206349206
2023-09-29,0.0,-92752.88472265116,False,0.2936367389855434,23.41269841269841
2023-10-02,0.0,-92752.88472265116,False,0.31951066438201575,28.57142857142857
2023-10-03,0.0,-92752.88472265116,False,0.4866008084027676,43.25396825396825
2023-10-04,0.0,-92752.88472265116,False,0.5557291849432652,48.01587301587302
2023-10-05,0.0,-92752.88472265116,False,0.5966433478756124,55.55555555555556
2023-10-06,0.0,-92752.88472265116,False,0.5622749475623158,49.60317460317461
2023-10-09,0.0,-92752.88472265116,False,0.5507493498062472,47.61904761904761
2023-10-10,0.0,-92752.88472265116,False,0.5690580848029115,51.587301587301596
2023-10-11,0.0,-92752.88472265116,False,0.5556098977092158,48.41269841269841
2023-10-12,0.0,-92752.88472265116,False,0.4986861699667428,44.84126984126984
2023-10-13,0.0,-92752.88472265116,False,0.5449006674715456,47.61904761904761
2023-10-16,0.0,-92752.88472265116,False,0.4606966126603721,40.476190476190474
2023-10-17,0.0,-92752.88472265116,False,0.36794558918705905,30.952380952380953
2023-10-18,0.0,-92752.88472265116,False,0.3757042178557121,31.349206349206348
2023-10-19,0.0,-92752.88472265116,False,0.30453980717134926,26.190476190476193
2023-10-20,0.0,-92752.88472265116,False,0.3194052973173835,28.968253968253972
2023-10-23,0.0,-92752.88472265116,False,0.28506465820086757,21.428571428571427
2023-10-24,0.0,-92752.88472265116,False,0.28775783143185013,22.61904761904762
2023-10-25,0.0,-92752.88472265116,False,0.37675264272109016,33.33333333333333
2023-10-26,0.0,-92752.88472265116,False,0.32073909992823163,30.952380952380953
2023-10-27,0.0,-92752.88472265116,False,0.28449879902252684,20.634920634920633
2023-10-30,0.0,-92752.88472265116,False,0.27233139490573555,19.444444444444446
2023-10-31,0.0,-92752.88472265116,False,0.2971727497919317,26.190476190476193
2023-11-01,0.0,-92752.88472265116,False,0.3380957588077027,33.730158730158735
2023-11-02,0.0,-92752.88472265116,False,0.35727876134822734,34.12698412698413
2023-11-03,0.0,-92752.88472265116,False,0.4014285049984795,38.88888888888889
2023-11-06,0.0,-92752.88472265116,False,0.37873930006056994,36.11111111111111
2023-11-07,0.0,-92752.88472265116,False,0.3791378478921134,36.507936507936506
2023-11-08,0.0,-92752.88472265116,False,0.3615352084331571,34.523809523809526
2023-11-09,0.0,-92752.88472265116,False,0.3708391677340382,35.714285714285715
2023-11-10,0.0,-92752.88472265116,False,0.4195502778504122,42.857142857142854
2023-11-13,0.0,-92752.88472265116,False,0.38355204479284927,37.698412698412696
2023-11-14,0.0,-92752.88472265116,False,0.45152600280309674,48.01587301587302
2023-11-15,0.0,-92752.88472265116,False,0.506601694780403,55.158730158730165
2023-11-16,0.0,-92752.88472265116,False,0.4775225828794393,51.587301587301596
2023-11-17,0.0,-92752.88472265116,False,0.5080543852502385,55.952380952380956
2023-11-20,0.0,-92752.88472265116,False,0.48317763971863087,52.38095238095239
2023-11-21,0.0,-92752.88472265116,False,0.5533502106415514,59.12698412698413
2023-11-22,0.0,-92752.88472265116,False,0.5265866538427008,57.53968253968254
2023-11-24,0.0,-92752.88472265116,False,0.37003371095764453,35.714285714285715
2023-11-27,0.0,-92752.88472265116,False,0.3932957140698815,41.269841269841265
2023-11-28,0.0,-92752.88472265116,False,0.4445232601768334,48.41269841269841
2023-11-29,0.0,-92752.88472265116,False,0.4194514348895433,44.047619047619044
2023-11-30,0.0,-92752.88472265116,False,0.4045226203378349,42.06349206349206
2023-12-01,0.0,-92752.88472265116,False,0.3808213261501043,38.095238095238095
2023-12-04,0.0,-92752.88472265116,False,0.3762139762573742,36.904761904761905
2023-12-05,0.0,-92752.88472265116,False,0.31286603205294394,29.761904761904763
2023-12-06,0.0,-92752.88472265116,False,0.31885016488343604,31.349206349206348
2023-12-07,0.0,-92752.88472265116,False,0.37773038914338775,38.492063492063494
2023-12-08,0.0,-92752.88472265116,False,0.36340762286199885,35.714285714285715
2023-12-11,0.0,-92752.88472265116,False,0.20980318559029912,14.682539682539684
2023-12-12,0.0,-92752.88472265116,False,0.10478866370884393,5.555555555555555
2023-12-13,0.0,-92752.88472265116,False,0.10792643854551476,6.349206349206349
2023-12-14,0.0,-92752.88472265116,False,0.025622408751160404,0.3968253968253968
2023-12-15,0.0,-92752.88472265116,False,0.01787600468633089,0.3968253968253968
2023-12-18,0.0,-92752.88472265116,False,0.0220387899459681,0.7936507936507936
2023-12-19,0.0,-92752.88472265116,False,0.020533139072820273,0.7936507936507936
2023-12-20,0.0,-92752.88472265116,False,0.11928823570486195,10.317460317460316
2023-12-21,0.0,-92752.88472265116,False,0.14813843647786668,13.88888888888889
2023-12-22,0.0,-92752.88472265116,False,0.1647584766800774,15.079365079365079
2023-12-26,0.0,-92752.88472265116,False,0.18916297818442623,16.666666666666664
2023-12-27,0.0,-92752.88472265116,False,0.22989464163997722,20.238095238095237
2023-12-28,0.0,-92752.88472265116,False,0.21638036002281855,19.444444444444446
2023-12-29,0.0,-92752.88472265116,False,0.2302965286300915,21.03174603174603
2024-01-02,0.0,-92752.88472265116,False,0.45365627170013995,58.333333333333336
2024-01-03,0.0,-92752.88472265116,False,0.48433114723307674,62.301587301587304
2024-01-04,0.0,-92752.88472265116,False,0.4833819289612581,62.301587301587304
2024-01-05,0.0,-92752.88472265116,False,0.49898487164546096,65.07936507936508
2024-01-08,0.0,-92752.88472265116,False,0.5244761121786793,67.46031746031747
2024-01-09,0.0,-92752.88472265116,False,0.480567467474819,61.904761904761905
2024-01-10,0.0,-92752.88472265116,False,0.4771746027494174,61.111111111111114
2024-01-11,-2378.365857067738,-95131.2505797189,True,0.7223151905290153,91.26984126984127
2024-01-12,-13.68779729512687,-95144.93837701403,True,0.8345621425845737,94.04761904761905
2024-01-16,62.092139882253036,-95082.84623713177,True,0.8423719509369599,94.44444444444444
2024-01-17,-110.79336532655213,-95193.63960245832,True,0.788522440848664,91.66666666666666
2024-01-18,-2464.5867721869154,-97658.22637464524,True,0.5010179067283619,65.87301587301587
2024-01-19,211.69287599766744,-97446.53349864756,True,0.5425364983777826,69.04761904761905
2024-01-22,45.55084179606774,-97400.9826568515,True,0.5470318585498553,69.84126984126983
2024-01-23,69.7886959684406,-97331.19396088306,True,0.5319572965647286,68.25396825396825
2024-01-24,-14.859170019632302,-97346.05313090268,True,0.4843727897681154,62.698412698412696
2024-01-25,-66.40511747723338,-97412.45824837992,True,0.47042797115475365,59.12698412698413
2024-01-26,611.1648645500835,-96801.29338382983,True,0.5307959272473455,67.85714285714286
2024-01-29,45.899742039618786,-96755.39364179022,True,0.5358895980266076,68.25396825396825
2024-01-30,173.09075473040843,-96582.3028870598,True,0.5571028714522439,72.61904761904762
2024-01-31,-246.17338187505135,-96828.47626893486,True,0.5094777050753451,65.47619047619048
2024-02-01,-2765.4241585588566,-99593.90042749372,False,0.382365729739304,46.03174603174603
2024-02-02,0.0,-99593.90042749372,False,0.33090607185973975,39.682539682539684
2024-02-05,0.0,-99593.90042749372,False,0.3051626947454737,34.523809523809526
2024-02-06,0.0,-99593.90042749372,False,0.31653594879946273,36.904761904761905
2024-02-07,0.0,-99593.90042749372,False,0.24511405243721787,22.61904761904762
2024-02-08,0.0,-99593.90042749372,False,0.17140675693297852,15.476190476190476
2024-02-09,0.0,-99593.90042749372,False,0.1948418822632014,17.857142857142858
2024-02-12,0.0,-99593.90042749372,False,0.18155763486814328,16.26984126984127
2024-02-13,0.0,-99593.90042749372,False,0.2322285694934941,23.41269841269841
2024-02-14,0.0,-99593.90042749372,False,0.24960142764462306,24.6031746031746
2024-02-15,0.0,-99593.90042749372,False,0.23054931058544012,22.61904761904762
2024-02-16,0.0,-99593.90042749372,False,0.3167293498216123,40.07936507936508
2024-02-20,0.0,-99593.90042749372,False,0.2488351487757462,25.0
2024-02-21,0.0,-99593.90042749372,False,0.23510888244804595,24.206349206349206
2024-02-22,0.0,-99593.90042749372,False,0.2563987128423182,27.380952380952383
2024-02-23,0.0,-99593.90042749372,False,0.262130714411569,28.174603174603174
2024-02-26,0.0,-99593.90042749372,False,0.2708153497013617,29.365079365079367
2024-02-27,0.0,-99593.90042749372,False,0.20825126550266573,19.841269841269842
2024-02-28,0.0,-99593.90042749372,False,0.21950835329289334,21.825396825396826
2024-02-29,0.0,-99593.90042749372,False,0.22986785797612194,22.61904761904762
2024-03-01,0.0,-99593.90042749372,False,0.2287208462785848,22.22222222222222
2024-03-04,0.0,-99593.90042749372,False,0.22192910614102077,22.22222222222222
2024-03-05,0.0,-99593.90042749372,False,0.2233975321266721,22.22222222222222
2024-03-06,0.0,-99593.90042749372,False,0.23254417266309352,25.793650793650798
2024-03-07,0.0,-99593.90042749372,False,0.21732821170635092,20.634920634920633
2024-03-08,0.0,-99593.90042749372,False,0.26275370105826845,30.158730158730158
2024-03-11,0.0,-99593.90042749372,False,0.2998656243820618,40.07936507936508
2024-03-12,0.0,-99593.90042749372,False,0.28191867657945086,31.746031746031743
2024-03-13,0.0,-99593.90042749372,False,0.3094924418603904,41.66666666666667
2024-03-14,0.0,-99593.90042749372,False,0.2946885349497327,36.904761904761905
2024-03-15,0.0,-99593.90042749372,False,0.27842643709544435,30.555555555555557
2024-03-18,0.0,-99593.90042749372,False,0.28233370049325124,31.746031746031743
2024-03-19,0.0,-99593.90042749372,False,0.2866136356018387,34.92063492063492
2024-03-20,0.0,-99593.90042749372,False,0.2787080074165357,30.952380952380953
2024-03-21,0.0,-99593.90042749372,False,0.27152670728789774,29.761904761904763
2024-03-22,0.0,-99593.90042749372,False,0.28321139231444803,32.53968253968254
2024-03-25,0.0,-99593.90042749372,False,0.27823143619354973,30.555555555555557
2024-03-26,0.0,-99593.90042749372,False,0.2679987160022978,28.57142857142857
2024-03-27,0.0,-99593.90042749372,False,0.25286875258671937,26.58730158730159
2024-03-28,0.0,-99593.90042749372,False,0.24209926071145715,24.206349206349206
2024-04-01,0.0,-99593.90042749372,False,0.20299523366341948,16.26984126984127
2024-04-02,0.0,-99593.90042749372,False,0.1993611242294613,16.26984126984127
2024-04-03,0.0,-99593.90042749372,False,0.19872890058883066,16.26984126984127
2024-04-04,0.0,-99593.90042749372,False,0.2453305182208453,26.190476190476193
2024-04-05,0.0,-99593.90042749372,False,0.2317141972098074,23.809523809523807
2024-04-08,0.0,-99593.90042749372,False,0.20965635926191672,18.253968253968253
2024-04-09,0.0,-99593.90042749372,False,0.16993024469373066,13.492063492063492
2024-04-10,0.0,-99593.90042749372,False,0.20446120900696574,17.857142857142858
2024-04-11,0.0,-99593.90042749372,False,0.20027024150645237,17.46031746031746
2024-04-12,0.0,-99593.90042749372,False,0.24329057962668713,27.77777777777778
2024-04-15,0.0,-99593.90042749372,False,0.21772297442941407,21.428571428571427
2024-04-16,0.0,-99593.90042749372,False,0.238503198894203,27.77777777777778
2024-04-17,0.0,-99593.90042749372,False,0.32323811714038564,53.17460317460318
2024-04-18,0.0,-99593.90042749372,False,0.28208345549925296,38.492063492063494
2024-04-19,0.0,-99593.90042749372,False,0.2345962328974347,27.380952380952383
2024-04-22,0.0,-99593.90042749372,False,0.24059865600562905,28.57142857142857
2024-04-23,0.0,-99593.90042749372,False,0.2832166165925168,40.476190476190474
2024-04-24,0.0,-99593.90042749372,False,0.2759182377406694,36.904761904761905
2024-04-25,0.0,-99593.90042749372,False,0.2735638042104714,36.904761904761905
2024-04-26,0.0,-99593.90042749372,False,0.27267424679296276,36.904761904761905
2024-04-29,0.0,-99593.90042749372,False,0.27518081325974125,37.698412698412696
2024-04-30,0.0,-99593.90042749372,False,0.302775808791026,50.0
2024-05-01,0.0,-99593.90042749372,False,0.3049719326581503,51.19047619047619
2024-05-02,0.0,-99593.90042749372,False,0.34335937259823823,59.12698412698413
2024-05-03,0.0,-99593.90042749372,False,0.3284456992678509,57.53968253968254
2024-05-06,0.0,-99593.90042749372,False,0.3444964987490726,59.12698412698413
2024-05-07,0.0,-99593.90042749372,False,0.3460618347392714,59.12698412698413
2024-05-08,0.0,-99593.90042749372,False,0.34697531359357436,59.12698412698413
2024-05-09,0.0,-99593.90042749372,False,0.34059402986786413,57.53968253968254
2024-05-10,0.0,-99593.90042749372,False,0.323880315762931,55.158730158730165
2024-05-13,0.0,-99593.90042749372,False,0.2810131899791526,37.698412698412696
2024-05-14,0.0,-99593.90042749372,False,0.269525055840643,32.93650793650794
2024-05-15,0.0,-99593.90042749372,False,0.29393439209575034,44.84126984126984
2024-05-16,0.0,-99593.90042749372,False,0.2300437263364237,23.015873015873016
2024-05-17,0.0,-99593.90042749372,False,0.24511983571192755,28.174603174603174
2024-05-20,0.0,-99593.90042749372,False,0.2519990045721112,30.158730158730158
2024-05-21,0.0,-99593.90042749372,False,0.2623576561713254,32.53968253968254
2024-05-22,0.0,-99593.90042749372,False,0.24812719859416135,28.968253968253972
2024-05-23,0.0,-99593.90042749372,False,0.16508837077771188,13.492063492063492
2024-05-24,0.0,-99593.90042749372,False,0.18555387206734875,15.079365079365079
2024-05-28,0.0,-99593.90042749372,False,0.18119519790149574,14.285714285714285
2024-05-29,0.0,-99593.90042749372,False,0.2150513061046318,19.841269841269842
2024-05-30,0.0,-99593.90042749372,False,0.15801383388156695,11.507936507936508
2024-05-31,0.0,-99593.90042749372,False,0.08070219020776379,5.555555555555555
2024-06-03,0.0,-99593.90042749372,False,0.039956168687723836,2.7777777777777777
2024-06-04,0.0,-99593.90042749372,False,0.024563129457796384,1.5873015873015872
2024-06-05,0.0,-99593.90042749372,False,0.09508546916820405,7.936507936507936
2024-06-06,0.0,-99593.90042749372,False,0.09906272465937219,8.333333333333332
2024-06-07,0.0,-99593.90042749372,False,0.10818235016605364,9.523809523809524
2024-06-10,0.0,-99593.90042749372,False,0.10855146320515434,9.523809523809524
2024-06-11,0.0,-99593.90042749372,False,0.12106620933511371,9.920634920634921
2024-06-12,0.0,-99593.90042749372,False,0.1516039048605374,10.714285714285714
2024-06-13,0.0,-99593.90042749372,False,0.006415791192821269,0.3968253968253968
2024-06-14,0.0,-99593.90042749372,False,-0.029100523684990436,0.3968253968253968
2024-06-17,0.0,-99593.90042749372,False,-0.047450156129232895,0.3968253968253968
2024-06-18,0.0,-99593.90042749372,False,-0.05879347112530588,0.3968253968253968
2024-06-20,0.0,-99593.90042749372,False,-0.011741896372547895,1.5873015873015872
2024-06-21,0.0,-99593.90042749372,False,-0.02234577247780464,1.5873015873015872
2024-06-24,0.0,-99593.90042749372,False,0.014061997897919676,2.7777777777777777
2024-06-25,0.0,-99593.90042749372,False,0.0531125492397799,5.952380952380952
2024-06-26,0.0,-99593.90042749372,False,0.04484028668666489,5.555555555555555
2024-06-27,0.0,-99593.90042749372,False,0.04992404962179453,5.952380952380952
2024-06-28,0.0,-99593.90042749372,False,0.04018870543642009,5.555555555555555
2024-07-01,0.0,-99593.90042749372,False,0.040221210957453,5.952380952380952
2024-07-02,0.0,-99593.90042749372,False,0.04563773871730938,6.746031746031746
2024-07-03,0.0,-99593.90042749372,False,0.05650103574711125,7.936507936507936
2024-07-05,0.0,-99593.90042749372,False,0.046726154895313746,7.142857142857142
2024-07-08,0.0,-99593.90042749372,False,-0.027177380993347485,1.5873015873015872
2024-07-09,0.0,-99593.90042749372,False,-0.043263110412649575,1.1904761904761905
2024-07-10,0.0,-99593.90042749372,False,-0.024870260576061308,2.380952380952381
2024-07-11,0.0,-99593.90042749372,False,0.05215176085410192,9.126984126984127
2024-07-12,0.0,-99593.90042749372,False,0.059723573436373294,10.317460317460316
2024-07-15,0.0,-99593.90042749372,False,0.027698746565976557,6.349206349206349
2024-07-16,0.0,-99593.90042749372,False,0.1754994328586729,17.46031746031746
2024-07-17,0.0,-99593.90042749372,False,0.39537208338966373,69.44444444444444
2024-07-18,0.0,-99593.90042749372,False,0.405341665647421,70.63492063492063
2024-07-19,0.0,-99593.90042749372,False,0.42496218842362254,72.61904761904762
2024-07-22,-3821.6032287528587,-103415.50365624658,True,0.4904171203021093,80.55555555555556
2024-07-23,4.451773955473527,-103411.05188229111,True,0.5273223575606788,84.52380952380952
2024-07-24,-362.70065562900345,-103773.75253792011,True,0.5329859370541891,85.71428571428571
2024-07-25,204.6602890803922,-103569.09224883972,True,0.5852810283774067,91.66666666666666
2024-07-26,97.28047545609638,-103471.81177338363,True,0.6066500185349207,93.65079365079364
2024-07-29,-103.78827832863476,-103575.60005171226,True,0.6062806538042466,93.25396825396825
2024-07-30,-347.7253525638406,-103923.3254042761,True,0.5686629110774786,90.87301587301587
2024-07-31,-1245.6884274552367,-105169.01383173134,True,0.4817392229396488,78.57142857142857
2024-08-01,904.56560636475,-104264.44822536659,True,0.5230664192780188,84.12698412698413
2024-08-02,1541.085668941086,-102723.3625564255,True,0.6229996687969035,95.63492063492063
2024-08-05,-299.42443510294413,-103022.78699152845,True,0.6001956736109982,94.04761904761905
2024-08-06,-538.013405251611,-103560.80039678006,True,0.5679004309280469,91.66666666666666
2024-08-07,-380.94679732537804,-103941.74719410544,True,0.5490490829136243,88.4920634920635
2024-08-08,650.9097738525265,-103290.83742025291,True,0.5972519112311865,94.84126984126983
2024-08-09,-178.46410713984005,-103469.30152739274,True,0.5911108188479509,94.44444444444444
2024-08-12,-212.14467206419567,-103681.44619945694,True,0.5745088693239371,93.65079365079364
2024-08-13,-30.709004753150907,-103712.1552042101,True,0.5837708549913693,94.04761904761905
2024-08-14,-164.3804204221692,-103876.53562463226,True,0.5811330761690948,94.04761904761905
2024-08-15,367.38923453972876,-103509.14639009253,True,0.6006524612413929,96.42857142857143
2024-08-16,-117.78969348818873,-103626.93608358072,True,0.6089487176272766,98.01587301587301
2024-08-19,-94.6737008919481,-103721.60978447266,True,0.6052873473668537,96.82539682539682
2024-08-20,-5645.190780938849,-109366.80056541151,False,0.5662422741467955,91.66666666666666
2024-08-21,-5641.4115738987,-115008.21213931021,True,0.5699596943700285,92.85714285714286
2024-08-22,295.1464186294868,-114713.06572068072,True,0.6135978732102246,98.01587301587301
2024-08-23,-191.77722668576257,-114904.84294736649,True,0.6001266748234562,95.23809523809523
2024-08-26,10.497520988830729,-114894.34542637765,True,0.5892864677313067,93.65079365079364
2024-08-27,-13.210252989116725,-114907.55567936676,True,0.5957953952499319,94.04761904761905
2024-08-28,40.36159726547521,-114867.19408210128,True,0.6304064520458276,98.4126984126984
2024-08-29,-645.5150740296453,-115512.70915613094,True,0.6940130189561069,98.4126984126984
2024-08-30,24.00232257539062,-115488.70683355554,True,0.6732077202460885,98.01587301587301
2024-09-03,1436.1427015863874,-114052.56413196915,True,0.6280545825672668,97.22222222222221
2024-09-04,-100.02816850169165,-114152.59230047085,True,0.6514444067071886,97.61904761904762
2024-09-05,-214.22849178156662,-114366.82079225242,True,0.6896289523284618,98.01587301587301
2024-09-06,-1666.6763964162733,-116033.49718866868,True,0.5885672805438859,90.47619047619048
2024-09-09,-408.7919551627649,-116442.28914383145,True,0.5033365063011436,78.17460317460318
2024-09-10,-437.20203535596136,-116879.49117918742,True,0.4809601216236553,73.80952380952381
2024-09-11,-204.06912624232837,-117083.56030542975,True,0.48744355400091643,76.19047619047619
2024-09-12,-338.84128247038916,-117422.40158790014,True,0.45707172931171103,71.03174603174604
2024-09-13,120.71248694106839,-117301.68910095908,True,0.4700843501528544,71.42857142857143
2024-09-16,-68.78154683124649,-117370.47064779032,True,0.4107312458095093,67.46031746031747
2024-09-17,-5.779996479493093,-117376.25064426982,True,0.4110750339063491,67.46031746031747
2024-09-18,137.93289006659734,-117238.31775420322,True,0.41212749792167974,67.46031746031747
2024-09-19,306.83557824555885,-116931.48217595766,True,0.45708777779445386,70.63492063492063
2024-09-20,-4453.217978329241,-121384.7001542869,False,0.4495216202046959,69.04761904761905
2024-09-23,0.0,-121384.7001542869,False,0.42477062532829285,67.85714285714286
2024-09-24,0.0,-121384.7001542869,False,0.4085298702771647,65.47619047619048
2024-09-25,0.0,-121384.7001542869,False,0.4050418116845678,64.68253968253968
2024-09-26,0.0,-121384.7001542869,False,0.44244761153804074,68.25396825396825
2024-09-27,0.0,-121384.7001542869,False,0.40455840212103494,63.888888888888886
2024-09-30,0.0,-121384.7001542869,False,0.44354934083321723,68.25396825396825
2024-10-01,0.0,-121384.7001542869,False,0.44495192203057843,68.65079365079364
2024-10-02,0.0,-121384.7001542869,False,0.2757714499620245,39.682539682539684
2024-10-03,0.0,-121384.7001542869,False,0.26809928336475897,36.904761904761905
2024-10-04,0.0,-121384.7001542869,False,0.2692424424127968,37.301587301587304
2024-10-07,0.0,-121384.7001542869,False,0.3590681659736177,56.74603174603175
2024-10-08,0.0,-121384.7001542869,False,0.3549609216762797,56.34920634920635
2024-10-09,0.0,-121384.7001542869,False,0.3846933491876206,63.095238095238095
2024-10-10,0.0,-121384.7001542869,False,0.36502774747133987,58.333333333333336
2024-10-11,0.0,-121384.7001542869,False,0.36344830638733094,58.333333333333336
2024-10-14,0.0,-121384.7001542869,False,0.37894059314549966,62.301587301587304
2024-10-15,-3163.548683222266,-124548.24883750916,True,0.7395979905569419,98.80952380952381
2024-10-16,-303.59543723118145,-124851.84427474035,True,0.7444362074152041,98.80952380952381
2024-10-17,-2373.179240200287,-127225.02351494064,True,0.5294681399973674,82.93650793650794
2024-10-18,-121.92278019869116,-127346.94629513932,True,0.41205931362517173,67.85714285714286
2024-10-21,-398.9272157223961,-127745.87351086171,True,0.3889814620886643,63.49206349206349
2024-10-22,68.40737523144037,-127677.46613563027,True,0.3823702906349623,62.301587301587304
2024-10-23,-489.81941312465733,-128167.28554875492,True,0.3532214121450445,55.158730158730165
2024-10-24,29.467264422796916,-128137.81828433213,True,0.3416313710450271,53.17460317460318
2024-10-25,-2904.561033782677,-131042.3793181148,False,0.25925928759175715,35.317460317460316
2024-10-28,0.0,-131042.3793181148,False,0.25853155519111837,35.317460317460316
2024-10-29,0.0,-131042.3793181148,False,0.28068720941556624,43.25396825396825
2024-10-30,0.0,-131042.3793181148,False,0.31582263670879196,49.60317460317461
2024-10-31,0.0,-131042.3793181148,False,0.35991289535355786,56.74603174603175
2024-11-01,0.0,-131042.3793181148,False,0.38841031311389324,63.095238095238095
2024-11-04,0.0,-131042.3793181148,False,0.389950631141194,63.49206349206349
2024-11-05,0.0,-131042.3793181148,False,0.3891518824971618,63.49206349206349
2024-11-06,0.0,-131042.3793181148,False,0.42830545722018437,69.84126984126983
2024-11-07,0.0,-131042.3793181148,False,0.45042770600048204,71.82539682539682
2024-11-08,0.0,-131042.3793181148,False,0.4569636441383349,72.61904761904762
2024-11-11,0.0,-131042.3793181148,False,0.4759725750685365,74.20634920634922
2024-11-12,0.0,-131042.3793181148,False,0.43565599670771754,68.65079365079364
2024-11-13,0.0,-131042.3793181148,False,0.1876804750653838,19.047619047619047
2024-11-14,0.0,-131042.3793181148,False,0.1952930583646446,20.238095238095237
2024-11-15,-2707.2199602430273,-133749.59927835784,True,0.48400377931526467,77.38095238095238
2024-11-18,-47.71588015131101,-133797.31515850915,True,0.497982815818552,78.96825396825396
2024-11-19,-611.1190598275555,-134408.4342183367,True,0.49028689812375587,78.57142857142857
2024-11-20,-52.22119230691271,-134460.65541064364,True,0.49501064157372787,78.96825396825396
2024-11-21,174.17507505320623,-134286.48033559043,True,0.5751983729609212,88.4920634920635
2024-11-22,-335.0933234609379,-134621.57365905136,True,0.5442314413700768,84.92063492063492
2024-11-25,-812.3972087971483,-135433.9708678485,True,0.4844158873268396,77.38095238095238
2024-11-26,52.44395367518496,-135381.5269141733,True,0.5510160312191207,85.71428571428571
2024-11-27,-275.94369418313727,-135657.47060835644,True,0.5167477437680665,80.55555555555556
2024-11-29,41.2202592128865,-135616.25034914355,True,0.456163023316485,70.63492063492063
2024-12-02,-279.973028606551,-135896.2233777501,True,0.34251892301442666,53.96825396825397
2024-12-03,-233.77128390463724,-136129.99466165475,True,0.3141623051483032,50.0
2024-12-04,57.872686315896885,-136072.12197533884,True,0.3189873506031934,51.98412698412699
2024-12-05,407.21096330636243,-135664.91101203248,True,0.38782011059557503,61.111111111111114
2024-12-06,-3578.553449790842,-139243.4644618233,False,0.25993446595449304,36.904761904761905
2024-12-09,0.0,-139243.4644618233,False,0.20641653914271307,22.61904761904762
2024-12-10,0.0,-139243.4644618233,False,0.20105839552471985,21.825396825396826
2024-12-11,0.0,-139243.4644618233,False,0.16910322712546744,16.666666666666664
2024-12-12,0.0,-139243.4644618233,False,0.18353766176622008,18.650793650793652
2024-12-13,0.0,-139243.4644618233,False,-0.2553464850773999,0.3968253968253968
2024-12-16,0.0,-139243.4644618233,False,-0.28532574470133526,0.3968253968253968
2024-12-17,0.0,-139243.4644618233,False,-0.36419142674024324,0.3968253968253968
2024-12-18,0.0,-139243.4644618233,False,-0.32949561750639583,0.7936507936507936
2024-12-19,0.0,-139243.4644618233,False,-0.33971146337371044,0.7936507936507936
2024-12-20,0.0,-139243.4644618233,False,-0.3161428420256715,1.5873015873015872
2024-12-23,0.0,-139243.4644618233,False,-0.27386608582534416,2.380952380952381
2024-12-24,0.0,-139243.4644618233,False,-0.27343268652354275,2.7777777777777777
2024-12-26,0.0,-139243.4644618233,False,-0.2744428371034039,2.380952380952381
2024-12-27,0.0,-139243.4644618233,False,-0.2771903476184122,2.380952380952381
2024-12-30,0.0,-139243.4644618233,False,-0.2698343386875832,3.968253968253968
2024-12-31,0.0,-139243.4644618233,False,-0.28445401350342664,2.380952380952381
2025-01-02,0.0,-139243.4644618233,False,-0.31531766903889474,1.984126984126984
2025-01-03,0.0,-139243.4644618233,False,-0.2607369591394435,5.158730158730158
2025-01-06,0.0,-139243.4644618233,False,-0.2159927360810231,5.952380952380952
2025-01-07,0.0,-139243.4644618233,False,-0.2191943177860528,5.952380952380952
2025-01-08,0.0,-139243.4644618233,False,-0.20883164156204892,6.746031746031746
2025-01-10,0.0,-139243.4644618233,False,-0.19578822566597837,7.142857142857142
2025-01-13,0.0,-139243.4644618233,False,-0.21220724905017085,6.746031746031746
2025-01-14,0.0,-139243.4644618233,False,-0.22810262464681322,5.952380952380952
2025-01-15,0.0,-139243.4644618233,False,-0.2058418589278122,7.936507936507936
2025-01-16,0.0,-139243.4644618233,False,0.07818347397123333,17.857142857142858
2025-01-17,0.0,-139243.4644618233,False,0.2233412964565797,31.746031746031743
2025-01-21,0.0,-139243.4644618233,False,0.22663144958886358,32.53968253968254
2025-01-22,0.0,-139243.4644618233,False,0.19679154745896657,26.190476190476193
2025-01-23,0.0,-139243.4644618233,False,0.1804461910911658,23.41269841269841
2025-01-24,0.0,-139243.4644618233,False,0.2182440170060717,31.746031746031743
2025-01-27,0.0,-139243.4644618233,False,0.09250056738389835,18.650793650793652
2025-01-28,0.0,-139243.4644618233,False,0.057360841650608604,17.46031746031746
2025-01-29,0.0,-139243.4644618233,False,0.056908190133037155,17.46031746031746
2025-01-30,0.0,-139243.4644618233,False,0.061538360545065555,18.650793650793652
2025-01-31,0.0,-139243.4644618233,False,0.05022860037368531,16.26984126984127
2025-02-03,0.0,-139243.4644618233,False,0.05057673963220319,16.666666666666664
2025-02-04,0.0,-139243.4644618233,False,0.05155280748748017,17.063492063492063
2025-02-05,0.0,-139243.4644618233,False,0.03497631898382774,13.492063492063492
2025-02-06,0.0,-139243.4644618233,False,0.011438309643369223,12.3015873015873
2025-02-07,0.0,-139243.4644618233,False,0.017249868262692584,13.095238095238097
2025-02-10,0.0,-139243.4644618233,False,0.01920193973608924,13.492063492063492
2025-02-11,0.0,-139243.4644618233,False,0.010871748832148333,12.3015873015873
2025-02-12,0.0,-139243.4644618233,False,0.013037050169618451,13.095238095238097
2025-02-13,0.0,-139243.4644618233,False,0.013060064657822858,13.492063492063492
2025-02-14,0.0,-139243.4644618233,False,-4.676009536571554e-05,11.904761904761903
2025-02-18,0.0,-139243.4644618233,False,0.01225186686032631,13.492063492063492
2025-02-19,0.0,-139243.4644618233,False,0.003078274756166215,12.3015873015873
2025-02-20,0.0,-139243.4644618233,False,0.0015483359141625016,12.3015873015873
2025-02-21,0.0,-139243.4644618233,False,0.017279782923395638,16.26984126984127
2025-02-24,0.0,-139243.4644618233,False,0.022427593908023333,17.063492063492063
2025-02-25,0.0,-139243.4644618233,False,0.02602368750150411,17.857142857142858
2025-02-26,0.0,-139243.4644618233,False,0.025565991271238365,17.857142857142858
2025-02-27,0.0,-139243.4644618233,False,0.24934264930979003,46.82539682539682
2025-02-28,0.0,-139243.4644618233,False,0.27819788931826106,53.57142857142857
2025-03-03,0.0,-139243.4644618233,False,0.23975309753853682,43.65079365079365
2025-03-04,0.0,-139243.4644618233,False,0.24616500652495676,45.63492063492063
2025-03-05,0.0,-139243.4644618233,False,0.2667199205980367,49.2063492063492
2025-03-06,0.0,-139243.4644618233,False,0.2864545984348773,57.53968253968254
2025-03-07,0.0,-139243.4644618233,False,0.2600722440050729,47.61904761904761
2025-03-10,0.0,-139243.4644618233,False,0.330852922734807,62.698412698412696
2025-03-11,0.0,-139243.4644618233,False,0.3140122930571966,59.92063492063492
2025-03-12,0.0,-139243.4644618233,False,0.31277845275932015,59.523809523809526
2025-03-13,0.0,-139243.4644618233,False,0.3056089426893105,58.730158730158735
2025-03-14,0.0,-139243.4644618233,False,0.3378087679924593,62.698412698412696
2025-03-17,0.0,-139243.4644618233,False,0.3410460191376547,63.095238095238095
2025-03-18,0.0,-139243.4644618233,False,0.3461529637212422,65.07936507936508
2025-03-19,0.0,-139243.4644618233,False,0.3117660015026773,57.936507936507944
2025-03-20,0.0,-139243.4644618233,False,0.2955926835059024,56.34920634920635
2025-03-21,0.0,-139243.4644618233,False,0.2929999544117792,55.55555555555556
2025-03-24,0.0,-139243.4644618233,False,0.3051744515409244,57.14285714285714
2025-03-25,0.0,-139243.4644618233,False,0.31046323837183526,57.53968253968254
2025-03-26,0.0,-139243.4644618233,False,0.29289363864440754,54.36507936507936
2025-03-27,0.0,-139243.4644618233,False,0.30350920908831136,55.952380952380956
2025-03-28,0.0,-139243.4644618233,False,0.2821738391971464,52.77777777777778
2025-03-31,0.0,-139243.4644618233,False,0.2747488754783187,49.60317460317461
2025-04-01,0.0,-139243.4644618233,False,0.30810653131809534,57.14285714285714
2025-04-02,0.0,-139243.4644618233,False,0.3265626688939211,60.71428571428571
2025-04-03,-4414.0971723320745,-143657.5616341554,True,0.5115079784229318,84.52380952380952
2025-04-04,2210.0570669091703,-141447.50456724621,True,0.6802590384342703,98.4126984126984
2025-04-07,-390.5388016315119,-141838.04336887773,True,0.732539271388433,99.20634920634922
2025-04-08,147.91206641242957,-141690.1313024653,True,0.7208840381384402,98.80952380952381
2025-04-09,3536.9068064260864,-138153.2244960392,True,0.9353646794873928,100.0
2025-04-10,901.7424459771987,-137251.482050062,True,1.0,100.0
2025-04-11,-772.1302763309004,-138023.6123263929,True,0.9840681138137481,99.60317460317461
2025-04-14,-362.86160521672855,-138386.47393160962,True,0.9807591177781871,99.20634920634922
2025-04-15,-324.2106389212049,-138710.68457053084,True,0.9770068395263319,98.80952380952381
2025-04-16,-342.26351676742615,-139052.94808729825,True,0.9737629732502335,98.4126984126984
2025-04-17,-424.0305103646949,-139476.97859766294,True,0.9792674327915455,98.80952380952381
2025-04-21,-509.1219483736645,-139986.1005460366,True,0.9792049766475726,98.4126984126984
2025-04-22,-282.1413592223853,-140268.241905259,True,0.981050630097611,99.20634920634922
2025-04-23,-381.37928349802996,-140649.62118875704,True,0.9639908931353599,96.82539682539682
2025-04-24,55.013952438231286,-140594.6072363188,True,0.9790828109606169,97.61904761904762
2025-04-25,-520.8785560133667,-141115.48579233218,True,1.0,99.8015873015873
2025-04-28,-396.20791750924013,-141511.69370984143,True,1.0,99.60317460317461
2025-04-29,-342.16287636319703,-141853.85658620464,True,1.0,99.40476190476191
2025-04-30,-362.38703909207015,-142216.24362529672,True,1.0,99.20634920634922
2025-05-01,-747.9993084991906,-142964.2429337959,True,0.9973027647199515,98.01587301587301
2025-05-02,-304.54021164059577,-143268.7831454365,True,1.0,99.0079365079365
2025-05-05,-6983.774576241718,-150252.55772167823,False,1.0,98.80952380952381
2025-05-06,-6665.04994858723,-156917.60767026545,True,0.9541442147542258,93.25396825396825
2025-05-07,-3.393666525303388,-156921.00133679077,True,0.9719712018984229,93.65079365079364
2025-05-08,54.85496129689591,-156866.14637549387,True,0.9541308269548888,92.46031746031747
2025-05-09,145.5083006145801,-156720.6380748793,True,0.7336722213135829,90.87301587301587
2025-05-12,1117.869865403668,-155602.76820947565,True,0.5987873991330304,83.33333333333334
2025-05-13,-624.2259023146904,-156226.99411179032,True,0.6087028058547053,85.71428571428571
2025-05-14,-150.9908870029708,-156377.98499879328,True,0.6111119606901924,86.11111111111111
2025-05-15,178.70181402938147,-156199.2831847639,True,0.6185252926625081,86.5079365079365
2025-05-16,85.1039014726814,-156114.17928329122,True,0.5615856202521514,76.19047619047619
2025-05-19,136.0398148066015,-155978.13946848462,True,0.605307040715043,83.73015873015873
2025-05-20,111.07611427400616,-155867.0633542106,True,0.6584900018781713,88.09523809523809
2025-05-21,323.82276463765515,-155543.24058957296,True,0.6905719241388404,89.28571428571429
2025-05-22,-173.0842090538972,-155716.32479862685,True,0.69932042628914,89.68253968253968
2025-05-23,136.3768734271199,-155579.94792519973,True,0.591039555389512,78.96825396825396
2025-05-27,393.32536852144455,-155186.62255667828,True,0.6747063757557175,87.6984126984127
2025-05-28,140.54042126000058,-155046.08213541828,True,0.7347397441890522,90.87301587301587
2025-05-29,-260.22383884235603,-155306.30597426064,True,0.7199048838753012,89.28571428571429
2025-05-30,76.44350372388203,-155229.86247053675,True,0.7176002902233073,88.88888888888889
2025-06-02,-28.440631391262286,-155258.30310192803,True,0.769710332034536,91.66666666666666
2025-06-03,7.888599576263118,-155250.41450235178,True,0.7508915072240938,91.26984126984127
2025-06-04,-148.30801544799317,-155398.72251779976,True,0.7778017943303744,91.66666666666666
2025-06-05,-2957.5644172278367,-158356.2869350276,False,0.7741909787909682,91.26984126984127
2025-06-06,-2829.3859243901625,-161185.67285941777,True,0.6021005734669106,78.57142857142857
2025-06-09,323.8863188704689,-160861.7865405473,True,0.6067929654963236,80.15873015873017
2025-06-10,199.57938633131982,-160662.20715421598,True,0.6260700021559817,82.53968253968253
2025-06-11,-390.87054394721736,-161053.0776981632,True,0.3669186326666132,49.2063492063492
2025-06-12,-126.92863443498584,-161180.0063325982,True,0.3821312375398381,49.60317460317461
2025-06-13,367.59686145412627,-160812.40947114406,True,0.4937191456129775,64.68253968253968
2025-06-16,633.291645109666,-160179.1178260344,True,0.5739021221559611,71.42857142857143
2025-06-17,-4.42281846397475,-160183.54064449837,True,0.5881698915689777,73.4126984126984
2025-06-18,-32.38962322944144,-160215.93026772782,True,0.5834477542901406,72.22222222222221
2025-06-20,-116.71278694504508,-160332.64305467287,True,0.5722296703218505,70.23809523809523
2025-06-23,2.2308480764231717,-160330.41220659643,True,0.5223601668875547,65.07936507936508
2025-06-24,395.3877983810787,-159935.02440821537,True,0.5812735655152413,71.82539682539682
2025-06-25,-472.4221328752512,-160407.4465410906,True,0.5033913831756496,63.49206349206349
2025-06-26,-38.126992088643874,-160445.57353317927,True,0.4392905254865118,54.36507936507936
2025-06-27,-2531.8913153617264,-162977.46484854099,False,0.378899421938601,45.23809523809524
2025-06-30,0.0,-162977.46484854099,False,0.3884592443892428,47.61904761904761
2025-07-01,0.0,-162977.46484854099,False,0.2682635648139286,30.555555555555557
2025-07-02,0.0,-162977.46484854099,False,0.25147296275477043,27.77777777777778
2025-07-03,0.0,-162977.46484854099,False,0.23387144843945412,26.190476190476193
2025-07-07,0.0,-162977.46484854099,False,0.2765803353155113,31.746031746031743
2025-07-08,0.0,-162977.46484854099,False,0.28473961664065023,32.93650793650794
2025-07-09,0.0,-162977.46484854099,False,0.3777065147971777,44.44444444444444
2025-07-10,0.0,-162977.46484854099,False,0.3443306981537262,40.87301587301587
2025-07-11,0.0,-162977.46484854099,False,0.31634153361484024,37.698412698412696
2025-07-14,0.0,-162977.46484854099,False,0.3762546395166776,44.047619047619044
2025-07-15,0.0,-162977.46484854099,False,0.3331052568716207,38.492063492063494
2025-07-16,0.0,-162977.46484854099,False,0.27520863213310187,28.57142857142857
2025-07-17,0.0,-162977.46484854099,False,0.16644117910629905,17.857142857142858
2025-07-18,0.0,-162977.46484854099,False,0.1385169148933119,17.857142857142858
2025-07-21,0.0,-162977.46484854099,False,0.12917339314655668,17.857142857142858
2025-07-22,0.0,-162977.46484854099,False,0.131010254140071,18.253968253968253
2025-07-23,0.0,-162977.46484854099,False,0.11384340582109578,17.857142857142858
2025-07-24,0.0,-162977.46484854099,False,-0.04039307743486026,8.73015873015873
2025-07-25,0.0,-162977.46484854099,False,-0.03873633809131578,9.126984126984127
2025-07-28,0.0,-162977.46484854099,False,-0.019884608548811356,9.523809523809524
2025-07-29,0.0,-162977.46484854099,False,-0.013890656274219206,9.920634920634921
2025-07-30,0.0,-162977.46484854099,False,0.006783332967184898,11.507936507936508
2025-07-31,0.0,-162977.46484854099,False,0.23653687513403868,26.58730158730159
2025-08-01,0.0,-162977.46484854099,False,0.22791854848512647,26.190476190476193
2025-08-04,0.0,-162977.46484854099,False,0.25875028910042497,29.365079365079367
2025-08-05,0.0,-162977.46484854099,False,0.21568095744308652,25.0
2025-08-06,0.0,-162977.46484854099,False,0.16573416761809676,21.428571428571427
2025-08-07,0.0,-162977.46484854099,False,0.1615567813581812,21.428571428571427
2025-08-08,0.0,-162977.46484854099,False,0.17256751427356679,23.015873015873016
2025-08-11,0.0,-162977.46484854099,False,0.17039460265817674,23.015873015873016
2025-08-12,0.0,-162977.46484854099,False,0.23400353422413078,28.968253968253972
2025-08-13,0.0,-162977.46484854099,False,0.24276546249191355,30.158730158730158
2025-08-14,0.0,-162977.46484854099,False,0.23138173010871615,28.57142857142857
2025-08-15,0.0,-162977.46484854099,False,0.37729555332947207,51.98412698412699
2025-08-18,0.0,-162977.46484854099,False,0.39519209702835595,57.14285714285714
2025-08-19,0.0,-162977.46484854099,False,0.3240177246288654,45.23809523809524
2025-08-20,0.0,-162977.46484854099,False,0.335360801321341,46.82539682539682
2025-08-21,0.0,-162977.46484854099,False,0.39851935710613673,58.333333333333336
2025-08-22,0.0,-162977.46484854099,False,0.47122855563212834,67.06349206349206
2025-08-25,0.0,-162977.46484854099,False,0.4754507575837348,67.46031746031747
2025-08-26,0.0,-162977.46484854099,False,0.4632074889942228,66.66666666666666
2025-08-27,0.0,-162977.46484854099,False,0.4673720815826889,67.06349206349206
2025-08-28,0.0,-162977.46484854099,False,0.44100342701312845,63.095238095238095
2025-08-29,0.0,-162977.46484854099,False,0.3711142837525156,52.38095238095239
2025-09-02,0.0,-162977.46484854099,False,0.39075978383715815,58.333333333333336
2025-09-03,0.0,-162977.46484854099,False,0.3869296491755637,55.952380952380956
2025-09-04,0.0,-162977.46484854099,False,0.4266734316486906,63.095238095238095
2025-09-05,0.0,-162977.46484854099,False,0.14857382223240823,21.428571428571427
2025-09-08,0.0,-162977.46484854099,False,0.1645589938110032,22.22222222222222
2025-09-09,0.0,-162977.46484854099,False,0.121219669089774,20.238095238095237
2025-09-10,0.0,-162977.46484854099,False,-0.06053102210184905,8.73015873015873
2025-09-11,0.0,-162977.46484854099,False,-0.12673909409567433,8.73015873015873
2025-09-12,0.0,-162977.46484854099,False,-0.12127345504012159,9.126984126984127
2025-09-15,0.0,-162977.46484854099,False,-0.11071232937450037,9.523809523809524
2025-09-16,0.0,-162977.46484854099,False,-0.17994827610299474,8.73015873015873
2025-09-17,0.0,-162977.46484854099,False,-0.2003091144946796,8.333333333333332
2025-09-18,0.0,-162977.46484854099,False,-0.06319946931757542,10.714285714285714
2025-09-19,0.0,-162977.46484854099,False,-0.06304069973310579,11.11111111111111
2025-09-22,0.0,-162977.46484854099,False,-0.07072485856716929,10.714285714285714
2025-09-23,0.0,-162977.46484854099,False,-0.11510183057515612,10.317460317460316
2025-09-24,0.0,-162977.46484854099,False,-0.11342156086652377,10.714285714285714
2025-09-25,0.0,-162977.46484854099,False,-0.12127719377427801,9.920634920634921
2025-09-26,0.0,-162977.46484854099,False,-0.1255580575662985,9.920634920634921
2025-09-29,0.0,-162977.46484854099,False,-0.12870648374535146,9.523809523809524
2025-09-30,0.0,-162977.46484854099,False,-0.24213768353937465,5.952380952380952
2025-10-01,0.0,-162977.46484854099,False,-0.25893603301027357,5.555555555555555
2025-10-02,0.0,-162977.46484854099,False,-0.26303216052352363,5.158730158730158
2025-10-03,0.0,-162977.46484854099,False,-0.24468803844398498,6.746031746031746
2025-10-06,0.0,-162977.46484854099,False,-0.11159278004814434,13.88888888888889
2025-10-07,0.0,-162977.46484854099,False,-0.008121945599240222,17.857142857142858
2025-10-08,0.0,-162977.46484854099,False,0.039764797023227196,24.6031746031746
2025-10-09,0.0,-162977.46484854099,False,0.3637129642307196,59.523809523809526
2025-10-10,-2938.797696589989,-165916.26254513097,True,0.7001274785970271,86.90476190476191
2025-10-13,-2204.3841720642627,-168120.64671719522,True,0.44549369160137275,69.84126984126983
2025-10-14,-695.0775709332481,-168815.72428812846,True,0.40895211025845546,67.06349206349206
2025-10-15,549.8403036898061,-168265.88398443867,True,0.43430503859075237,68.25396825396825
2025-10-16,9.842303242453454,-168256.04168119622,True,0.457777301192349,71.03174603174604
2025-10-17,0.9468933370935702,-168255.09478785913,True,0.3683615955267931,59.523809523809526
2025-10-20,343.1757267406772,-167911.91906111845,True,0.3750365146069536,60.317460317460316
2025-10-21,-4.4421657828841035,-167916.36122690132,True,0.39391838097500836,66.26984126984127
2025-10-22,496.28112470807116,-167420.08010219326,True,0.4811407346108396,74.20634920634922
2025-10-23,424.81071148210117,-166995.26939071115,True,0.5022612666643452,76.5873015873016
2025-10-24,-0.642949727958694,-166995.9123404391,True,0.5006046960988857,76.19047619047619
2025-10-27,367.2260040581882,-166628.68633638092,True,0.5217474275981029,77.77777777777779
2025-10-28,-1008.5124243215294,-167637.19876070245,True,0.47591571838158264,72.22222222222221
2025-10-29,-340.0109046476562,-167977.2096653501,True,0.46703418087394155,70.63492063492063
2025-10-30,-6.557973520008204,-167983.7676388701,True,0.4523684025204903,68.65079365079364
2025-10-31,6.884707473537219,-167976.88293139657,True,0.43528393131577503,66.26984126984127
2025-11-03,-104.69141625364648,-168081.57434765022,True,0.41705849331368106,64.68253968253968
2025-11-04,642.9682644793885,-167438.60608317083,True,0.4776869515049168,72.61904761904762
2025-11-05,340.66485145549484,-167097.94123171535,True,0.4653783092757103,69.84126984126983
2025-11-06,273.02489913089994,-166824.91633258446,True,0.47874478931024644,72.61904761904762
2025-11-07,87.94405836018086,-166736.97227422427,True,0.48886686233476495,73.80952380952381
2025-11-10,-3425.7924023736814,-170162.76467659796,False,0.32412211698300725,52.38095238095239
2025-11-11,-2844.982164777978,-173007.74684137595,True,0.5523510948930632,78.96825396825396
2025-11-12,186.0429885556846,-172821.70385282027,True,0.6475726162297751,85.31746031746032
2025-11-13,-182.80961643824787,-173004.51346925853,True,0.6316076797765742,84.92063492063492
2025-11-14,-172.48027144283412,-173176.99374070135,True,0.6249712875706325,84.12698412698413
2025-11-17,93.39126133391824,-173083.60247936743,True,0.6541365266260829,85.31746031746032
2025-11-18,258.0004910557662,-172825.60198831165,True,0.6559778712693957,85.31746031746032
2025-11-19,-439.4082015110996,-173265.01018982276,True,0.6299255121376595,83.73015873015873
2025-11-20,1806.3247822967814,-171458.68540752598,True,0.7855856283300147,91.66666666666666
2025-11-21,-241.5871636462939,-171700.27257117227,True,0.7243614404396056,88.4920634920635
2025-11-24,-1556.9279876016199,-173257.20055877388,True,0.5594666953338839,75.79365079365078
2025-11-25,-215.45462335098296,-173472.65518212487,True,0.4993087624777692,71.82539682539682
2025-11-26,133.13605516371706,-173339.51912696115,True,0.6032901175620364,79.76190476190477
2025-11-28,39.97906521550817,-173299.54006174565,True,0.6549729859708929,84.12698412698413
2025-12-01,-619.71858865788,-173919.25865040353,True,0.5967268914292939,78.17460317460318
2025-12-02,211.22327070153187,-173708.035379702,True,0.6291333342922897,82.14285714285714
2025-12-03,92.32745844566773,-173615.7079212563,True,0.6785004804018818,85.31746031746032
2025-12-04,-100.67746687109661,-173716.3853881274,True,0.6077684974434745,79.36507936507937
2025-12-05,-99.35525880063165,-173815.74064692805,True,0.5730277567650961,74.60317460317461
2025-12-08,-421.2435789936686,-174236.9842259217,True,0.5123698784956621,71.82539682539682
2025-12-09,-44.97401080334612,-174281.95823672507,True,0.5145865850283529,71.82539682539682
2025-12-10,-105.73498863374095,-174387.69322535882,True,0.5633247723227299,73.80952380952381
2025-12-11,-3023.9994065763144,-177411.69263193512,False,0.5163104425204771,71.42857142857143
2025-12-12,0.0,-177411.69263193512,False,0.372774782761312,54.761904761904766
2025-12-15,0.0,-177411.69263193512,False,0.2854178885332841,43.65079365079365
2025-12-16,0.0,-177411.69263193512,False,0.2964350681659744,45.23809523809524
2025-12-17,0.0,-177411.69263193512,False,0.3420247139170131,51.98412698412699
2025-12-18,0.0,-177411.69263193512,False,0.3345521836650243,50.39682539682539
2025-12-19,0.0,-177411.69263193512,False,0.35689023162394,52.77777777777778
2025-12-22,0.0,-177411.69263193512,False,0.16589336126514392,30.158730158730158
2025-12-23,0.0,-177411.69263193512,False,0.15591880931994964,28.57142857142857
2025-12-24,0.0,-177411.69263193512,False,0.21280571742925286,32.142857142857146
2025-12-26,0.0,-177411.69263193512,False,0.2348022332754091,35.317460317460316
2025-12-29,0.0,-177411.69263193512,False,0.21972293022706407,32.53968253968254
2025-12-30,0.0,-177411.69263193512,False,0.22088403323618933,32.53968253968254
2025-12-31,0.0,-177411.69263193512,False,0.266117755067912,38.492063492063494
2026-01-02,0.0,-177411.69263193512,False,0.32869108755800713,48.80952380952381
2026-01-05,0.0,-177411.69263193512,False,0.3258426170861652,48.01587301587302
2026-01-06,0.0,-177411.69263193512,False,0.3951098505196968,58.730158730158735
2026-01-07,0.0,-177411.69263193512,False,0.3931136526293257,57.936507936507944
2026-01-08,0.0,-177411.69263193512,False,0.4394401771701818,61.904761904761905
2026-01-09,0.0,-177411.69263193512,False,0.4752340695750979,65.47619047619048
2026-01-12,0.0,-177411.69263193512,False,0.45273007658701003,62.698412698412696
2026-01-13,0.0,-177411.69263193512,False,0.4523809305052669,62.301587301587304
2026-01-14,0.0,-177411.69263193512,False,0.5424882848184216,72.22222222222221
2026-01-15,-2594.236333293905,-180005.92896522902,True,0.6438645075280822,82.53968253968253
2026-01-16,-57.05046080378111,-180062.9794260328,True,0.6102277774313087,79.36507936507937
2026-01-20,-1618.2982807607978,-181681.2777067936,True,0.35268256540225107,48.80952380952381
2026-01-21,1117.6491855458064,-180563.6285212478,True,0.3842872087656918,53.57142857142857
2026-01-22,-5.303178061947392,-180568.93169930973,True,0.4095065476119384,57.14285714285714
2026-01-23,-274.2852625167627,-180843.2169618265,True,0.4152815234100125,57.14285714285714
2026-01-26,-56.476422539001646,-180899.6933843655,True,0.4700069022232986,63.49206349206349
2026-01-27,439.1202824018055,-180460.5731019637,True,0.4807870760998515,65.87301587301587
2026-01-28,725.4892793628982,-179735.0838226008,True,0.5310032923878277,71.03174603174604
2026-01-29,-20.09606910410207,-179755.1798917049,True,0.5176977940328191,69.84126984126983
2026-01-30,1479.9984332910012,-178275.1814584139,True,0.7604814092340118,90.07936507936508
2026-02-02,-636.9802923297106,-178912.1617507436,True,0.656078453556208,83.73015873015873
2026-02-03,120.91018511575871,-178791.25156562784,True,0.6497288777380686,82.14285714285714
2026-02-04,826.1132207946679,-177965.13834483316,True,0.7840519530299084,91.26984126984127
2026-02-05,-186.06096446585582,-178151.19930929903,True,0.669914167996336,83.73015873015873
2026-02-06,-777.427373153886,-178928.62668245292,True,0.5929398155914507,73.80952380952381
2026-02-09,-380.24245981323986,-179308.86914226616,True,0.5598851927715341,69.84126984126983
2026-02-10,-83.57939999971882,-179392.4485422659,True,0.5294099827241402,67.85714285714286
2026-02-11,401.8237289428179,-178990.62481332308,True,0.5802322569822073,71.82539682539682
2026-02-12,82.23721303091929,-178908.38760029216,True,0.5967934523465065,74.20634920634922
2026-02-13,-238.34530551805437,-179146.7329058102,True,0.6174485853572809,77.77777777777779
2026-02-17,-3619.6543213825084,-182766.38722719272,False,0.6178584479390415,77.77777777777779
2026-02-18,-3413.4573824748068,-186179.84460966752,True,0.6327555888573507,80.15873015873017
2026-02-19,-19.999000379886184,-186199.8436100474,True,0.7970398360345116,91.66666666666666
2026-02-20,-208.3671080531335,-186408.2107181005,True,0.7194611074819433,86.11111111111111
2026-02-23,-35.36357740026881,-186443.5742955008,True,0.7249490553888355,87.3015873015873
2026-02-24,-498.8226181010253,-186942.3969136018,True,0.709738910546579,84.92063492063492
2026-02-25,125.55489089167258,-186816.84202271013,True,0.7278435469161915,87.3015873015873
2026-02-26,-144.19147882493428,-186961.03350153507,True,0.6867129895649444,82.93650793650794
2026-02-27,-288.3561973290459,-187249.3896988641,True,0.6077325477349189,72.61904761904762
2026-03-02,-304.1390661226036,-187553.52876498672,True,0.5765378241183006,67.06349206349206
2026-03-03,1084.2627204292094,-186469.2660445575,True,0.5644624947329862,65.47619047619048
2026-03-04,352.66301169264057,-186116.60303286486,True,0.6250275206536609,75.79365079365078
2026-03-05,-547.9235367495887,-186664.52656961445,True,0.5623947675647486,64.28571428571429
2026-03-06,963.0238670921746,-185701.50270252227,True,0.5677858871730328,65.07936507936508
2026-03-09,470.28870091340525,-185231.21400160887,True,0.6294659829067376,76.5873015873016
2026-03-10,-21.019460724740725,-185252.23346233362,True,0.6935423705638107,83.33333333333334
2026-03-11,-104.54804804991807,-185356.78151038353,True,0.7449314289250826,88.4920634920635
2026-03-12,244.72822762850052,-185112.05328275502,True,0.7932666425811693,91.26984126984127
2026-03-13,-703.7684159229084,-185815.82169867793,True,0.6708857336221776,80.15873015873017
2026-03-16,247.43232624666825,-185568.38937243127,True,0.7071415320214828,83.33333333333334
2026-03-17,-148.81478961952314,-185717.2041620508,True,0.7206243811523775,84.92063492063492
2026-03-18,-193.3401355039091,-185910.5442975547,True,0.7360336893427653,87.6984126984127
2026-03-19,-3138.442467773757,-189048.98676532847,False,0.7130881560655026,82.93650793650794
2026-03-20,-3175.8841641608515,-192224.87092948932,True,0.7047562440214035,81.74603174603175
2026-03-23,-526.0602666384095,-192750.93119612773,True,0.6572952630440989,76.98412698412699
2026-03-24,-13.584585090315045,-192764.51578121804,True,0.6634183016499358,77.38095238095238
2026-03-25,-21.269215910403773,-192785.78499712844,True,0.6976030112490136,80.55555555555556
2026-03-26,538.716970734414,-192247.06802639403,True,0.7251575476238762,85.71428571428571
2026-03-27,-109.61022311526142,-192356.67824950928,True,0.7428098813154038,87.6984126984127
2026-03-30,636.9466925778756,-191719.7315569314,True,0.8483044099474253,91.66666666666666
2026-03-31,180.01694383406857,-191539.7146130973,True,0.9035900833247706,91.66666666666666
2026-04-01,396.20220000648874,-191143.51241309082,True,0.8648854261001918,91.26984126984127
2026-04-02,-85.58990072708843,-191229.10231381792,True,0.8361938432059666,90.47619047619048
2026-04-06,20.616814190053447,-191208.48549962786,True,0.9143127810881183,91.66666666666666
2026-04-07,-1054.029539183964,-192262.51503881183,True,0.7177953030689789,80.55555555555556
2026-04-08,1679.5821514540153,-190582.9328873578,True,0.8367159726457004,90.07936507936508
2026-04-09,204.24139746878348,-190378.69148988902,True,0.8569989781369929,90.47619047619048
2026-04-10,-699.1441276917133,-191077.83561758074,True,0.8008671822326233,88.88888888888889
2026-04-13,96.41426904711022,-190981.42134853362,True,0.758778910051509,85.71428571428571
2026-04-14,-339.0207379249212,-191320.44208645856,True,0.7885495689620162,88.4920634920635
2026-04-15,-617.95024532867,-191938.39233178724,True,0.7457165197104589,85.31746031746032
2026-04-16,-261.54846203349916,-192199.94079382074,True,0.7334956463806795,83.33333333333334
2026-04-17,140.2118387013802,-192059.72895511935,True,0.7537368759684739,86.5079365079365
